record_id,count,healthkit_metrics,intake_markers,intake_markers_raw,intake_metrics,intake_metrics_raw,oura_metrics,tracked_metrics_primary,unit_primary,unit_secondary
rec8diZFrQR8ia31V,1,,"optimal_total_cholesterol, borderline_high_total_cholesterol, high_total_cholesterol, optimal_ldl, near-optimal_ldl, borderline_high_ldl, high_ldl, very_high_ldl, critically_high_ldl, critically_low_hdl_male, suboptimal_low_hdl_male, optimal_hdl_male, suboptimal_high_hdl_male, critically_high_hdl_male, critically_low_hdl_female, suboptimal_low_hdl_female, optimal_hdl_female, suboptimal_high_hdl_female, critically_high_hdl_female, optimal_triglycerides, near-optimal_triglycerides, borderline_high_triglycerides, high_triglycerides, very_high_triglycerides, critically_high_triglycerides, optimal_apob, borderline_high_apob, high_apob, very_high_apob, critically_high_apob, severe_deficiency_magnesium_rbc, suboptimal_magnesium_rbc, in-range_magnesium_rbc, optimal_magnesium_rbc, critically_low_fasting_glucose, suboptimal_low_fasting_glucose, in-range_(low)_fasting_glucose, optimal_fasting_glucose, in-range_(high)_fasting_glucose, impaired_fasting_glucose_fasting_glucose, diabetes_fasting_glucose, critically_low_uric_acid_male, low_uric_acid_uric_acid_male, in-range_(low)_uric_acid_male, optimal_uric_acid_male, in-range_(high)_uric_acid_male, mild_hyperuricemia_uric_acid_male, severe_hyperuricemia_uric_acid_male, critically_low_uric_acid_female, low_uric_acid_uric_acid_female, in-range_(low)_uric_acid_female, optimal_uric_acid_female, in-range_(high)_uric_acid_female, mild_hyperuricemia_uric_acid_female, severe_hyperuricemia_uric_acid_female, critically_high_bun_bun, significantly_elevated_bun, mildly_elevated_bun_bun, in-range_(high)_bun, optimal_bun, in-range_(low)_bun, low_bun, excessively_low_bun, critically_low_serum_calcium_calcium_serum, mildly_low_serum_calcium_calcium_serum, optimal_serum_calcium_calcium_serum, mildly_elevated_serum_calcium_calcium_serum, critically_high_serum_calcium_calcium_serum, critically_low_ionized_calcium_calcium_ionized, mildly_low_ionized_calcium_calcium_ionized, optimal_ionized_calcium_calcium_ionized, mildly_elevated_ionized_calcium_calcium_ionized, critically_high_ionized_calcium_calcium_ionized, low_creatinine_male_<60, in-range_(low)_creatinine_male_<60, optimal_creatinine_male_<60, in-range_(high)_creatinine_male_<60, high_creatinine_male_<60, low_creatinine_male_>60, in-range_(low)_creatinine_male_>60, optimal_creatinine_male_>60, in-range_(high)_creatinine_male_>60, high_creatinine_male_>60, low_creatinine_female_<60, in-range_(low)_creatinine_female_<60, optimal_creatinine_female_<60, in-range_(high)_creatinine_female_<60, high_creatinine_female_<60, low_creatinine_female_>60, in-range_(low)_creatinine_female_>60, optimal_creatinine_female_>60, in-range_(high)_creatinine_female_>60, high_creatinine_female_>60","recBA3iQ4lGJtC2nM, recq0JX3QgFBo5mm4, recw2hqgZfllcjFso, recDBJLAkc5CAfBm3, receYj9nbAEGPBxFl, rec7lljffINZr7vSi, recVZYWGkdqlDhEL9, recRgCjpkw99U68vD, recuJaoMbqZ3GOYdw, recf4HtvFUqMhyhdh, recyAXip0DWF9Lp1S, recbYuWTuZJPZwFNc",,,,,Milligrams per Deciliter (mg/dL),
recz7VeEijrxFPcbK,2,,"optimal_lpa, borderline_high_lpa, high_lpa, very_high_lpa, critically_low_shbg_male, low_shbg_male, optimal_shbg_male, high_shbg_male, critically_high_shbg_male, critically_low_shbg_female, low_shbg_female, optimal_shbg_female, high_shbg_female, critically_high_shbg_female","recUkIxIOnGBQsC1n, recZd7qSsYU2dqSw0",,,,,Nanomoles per Liter (nmol/L),
recbr6G7O5LsA88v5,3,"recUbVGr2gnhxor2w, recZxJtmlwz7guVT6, recQtL4b3zzVK9xFd, recVpqr3WA3SUyvSx, recRCS0IIJWhqHexu","critically_low_omega-3_index, suboptimal_omega-3_index, optimal_omega-3_index, critically_low_rdw, suboptimal_low_rdw, optimal_rdw, suboptimal_high_rdw, high_rdw, critically_high_rdw, low_transferrin_saturation, borderline_low_transferrin_saturation, in-range_(low)_transferrin_saturation, optimal_transferrin_saturation, in-range_(high)_transferrin_saturation, borderline_high_transferrin_saturation, high_transferrin_saturation, critically_low_hba1c, suboptimal_low_hba1c, optimal_hba1c, in-range_(high)_hba1c, prediabetes_hba1c, diabetes_hba1c, severe_anemia_hematocrit, mild_anemia_hematocrit, in-range_(low)_hematocrit, optimal_hematocrit, in-range_(high)_hematocrit, high_hct_hematocrit, severe_anemia_hematocrit_female, mild_anemia_hematocrit_female, in-range_(low)_hematocrit_female, optimal_hematocrit_female, in-range_(high)_hematocrit_female, high_hct_hematocrit_female, severe_anemia_hematocrit_ckd, suboptimal_hematocrit_ckd, optimal_hematocrit_ckd, in-range_(slightly_high)_hematocrit_ckd, excessively_high_hematocrit_ckd","recAAuZFrdsqJW3yd, recTTucmjMGfWunuf, rec6V13cha6oovOXX, recC0mB1LyNGjDyld, recVAfZIHmVof1Bmj","excessively_low_bodyfat_male, low_bodyfat_male, suboptimal_low_bodyfat_male, optimal_bodyfat_male, suboptimal_high_bodyfat_male, high_bodyfat_male, excessively_high_bodyfat_male, excessively_low_bodyfat_premenopausal_female, low_bodyfat_premenopausal_female, suboptimal_low_bodyfat_premenopausal_female, optimal_bodyfat_premenopausal_female, suboptimal_high_bodyfat_premenopausal_female, high_bodyfat_premenopausal_female, excessively_high_bodyfat_premenopausal_female, excessively_low_bodyfat_postmenopausal_female, low_bodyfat_postmenopausal_female, suboptimal_low_bodyfat_postmenopausal_female, optimal_bodyfat_postmenopausal_female, suboptimal_high_bodyfat_postmenopausal_female, high_bodyfat_postmenopausal_female, excessively_high_bodyfat_postmenopausal_female, critically_low_skeletal_muscle_mass_to_fat-free_mass_male, low_skeletal_muscle_mass_to_fat-free_mass_male, suboptimal_low_skeletal_muscle_mass_to_fat-free_mass_male, optimal_skeletal_muscle_mass_to_fat-free_mass_male, suboptimal_high_skeletal_muscle_mass_to_fat-free_mass_male, high_skeletal_muscle_mass_to_fat-free_mass_male, critically_high_skeletal_muscle_mass_to_fat-free_mass_female, critically_low_skeletal_muscle_mass_to_fat-free_mass_female, low_skeletal_muscle_mass_to_fat-free_mass_female, suboptimal_low_skeletal_muscle_mass_to_fat-free_mass_female, optimal_skeletal_muscle_mass_to_fat-free_mass_female, suboptimal_high_skeletal_muscle_mass_to_fat-free_mass_female, high_skeletal_muscle_mass_to_fat-free_mass_female, critically_high_skeletal_muscle_mass_to_fat-free_mass_female, optimal_visceral_fat, elevated_visceral_fat, high_visceral_fat","recoiAahhmbWcaNoa, recVHWlB26jWt9Ij9, recyKRTIlX4Jux2W0",recb5C4tF4FLPLBOD,"recKArUE41uHphWb9, recJeEd61woRAahla, recEPturjvPaeVBMk",Percent (%),
recYkfn2CUUTEulCK,4,,"deficient_vitamin_d, insufficient_vitamin_d, sufficient_vitamin_d, optimal_vitamin_d, elevated_vitamin_d, high_vitamin_d, toxic_vitamin_d, deficient_serum_ferritin, suboptimal_low_serum_ferritin, optimal_serum_ferritin, suboptimal_high_serum_ferritin, high_serum_ferritin, excess_serum_ferritin, severe_deficiency_folate_serum, mild_deficiency_folate_serum, in-range_(low)_folate_serum, optimal_folate_serum, in-range_(high)_folate_serum, excessive_folate_folate_serum, severe_deficiency_folate_rbc, mild_deficiency_folate_rbc, in-range_(low)_folate_rbc, optimal_folate_rbc, in-range_(high)_folate_rbc, excessive_folate_folate_rbc, expected_low_progesterone_follicular_premenopausal_female, unusually_high_progesterone_follicular_premenopausal_female, high_(misaligned_phase?)_progesterone_follicular_premenopausal_female, suboptimal_progesterone_ovulatory_premenopausal_female, optimal_progesterone_ovulatory_premenopausal_female, elevated_progesterone_ovulatory_premenopausal_female, excessive_progesterone_ovulatory_premenopausal_female, low_progesterone_luteal_premenopausal_female, optimal_progesterone_luteal_premenopausal_female, high_progesterone_luteal_premenopausal_female, excessive_progesterone_luteal_premenopausal_female, very_low_progesterone_postmenopausal_female, suboptimal_progesterone_postmenopausal_female, optimal_progesterone_postmenopausal_female, elevated_progesterone_postmenopausal_female, excessive_progesterone_postmenopausal_female, critically_low_ferritin_male, low_ferritin_male, suboptimal_low_ferritin_male, optimal_ferritin_male, suboptimal_high_ferritin_male, high_ferritin_male, critically_high_ferritin_male, critically_low_ferritin_female, low_ferritin_female, suboptimal_low_ferritin_female, optimal_ferritin_female, suboptimal_high_ferritin_female, high_ferritin_female, critically_high_ferritin_female, critically_low_ferritin_athlete, low_ferritin_athlete, suboptimal_low_ferritin_athlete, optimal_ferritin_athlete, suboptimal_high_ferritin_athlete, high_ferritin_athlete, critically_high_ferritin_athlete","recStFWPU3NCH9loj, recHikXLmHS0a08lF, recTyoThcQqCihtey, recr9ZjdfpVef9KJR, recmyyZam7oYaGnDd, rec7uKDm1ll1XGOqk",,,,,Nanograms per Milliliter (ng/mL),
recrkb0dBVGZw4R9A,5,recENGSIELBcT7xlB,"low_total_iron_binding_capacity_tibc, borderline_low_total_iron_binding_capacity_tibc, in-range_(low)_total_iron_binding_capacity_tibc, optimal_total_iron_binding_capacity_tibc, in-range_(high)_total_iron_binding_capacity_tibc, borderline_high_total_iron_binding_capacity_tibc, high_total_iron_binding_capacity_tibc, extremely_low_cortisol, low_morning_cortisol_cortisol, in-range_(low)_cortisol, optimal_cortisol, in-range_(high)_cortisol, high_morning_cortisol_cortisol, extremely_high_cortisol, extremely_low_cortisol, low_afternoon_cortisol_cortisol, in-range_(low)_cortisol, optimal_cortisol, elevated_cortisol, extremely_high_cortisol, optimal_cortisol, mildly_elevated_cortisol, high_nighttime_cortisol_cortisol, excessively_high_cortisol, critically_low_dhea-s_dhea-s_female, mildly_low_dhea-s_dhea-s_female, optimal_dhea-s_female, mildly_elevated_dhea-s_dhea-s_female, critically_high_dhea-s_dhea-s_female, critically_low_dhea-s_dhea-s_male, mildly_low_dhea-s_dhea-s_male, optimal_dhea-s_male, mildly_elevated_dhea-s_dhea-s_male, critically_high_dhea-s_dhea-s_male, critically_low_iron, low_iron, suboptimal_low_iron, optimal_iron, suboptimal_high_iron, high_iron, critically_high_iron","recwtXkPSEQgyddmt, recEf9Re7uOBSjPbu, recAm1sha0xsNnVoG, recx8nMW7TjR18ZJv",,,,,Micrograms per Deciliter (µg/dL),
recQOL6roNmB6SNZy,6,,"optimal_hscrp, low_risk_hscrp, moderate_risk_hscrp, high_risk_hscrp, very_high_risk_hscrp, very_high_cystatin_c_cystatin_c, moderate-severe_kidney_dysfunction_cystatin_c, mild_elevation_cystatin_c, in-range_cystatin_c, optimal_cystatin_c, low_cystatin_c, excessively_low_cystatin_c","rec78IoEbAaGCIfPe, recPiW3K4dhWi31Xh",,,,,Milligrams per Liter (mg/L),
recdkKfM65lAoCPVi,7,,"critically_low_neutrophil/lymphocyte_ratio, mildly_low_neutrophil/lymphocyte_ratio, in-range_(low)_neutrophil/lymphocyte_ratio, optimal_neutrophil/lymphocyte_ratio, in-range_(high)_neutrophil/lymphocyte_ratio, mildly_elevated_neutrophil/lymphocyte_ratio, critically_elevated_neutrophil/lymphocyte_ratio, critically_low_homa-ir, suboptimal_low_homa-ir, optimal_homa-ir, mild_resistance_homa-ir, moderate_resistance_homa-ir, significant_resistance_homa-ir, diabetes_risk_homa-ir, critically_low_platelet_count, low_platelet_count, suboptimal_low_platelet_count, optimal_platelet_count, suboptimal_high_platelet_count, high_platelet_count, critically_high_platelet_count","recDUx81XNYUkBLRH, recPDAl8akGkZng3A, recVhxrj1lPj9iYBc, reckGxzoaJGEmBptC",,,,,Billion per Liter (×10⁹/L),
recZoJmPnRLUyCW4D,8,,"critically_low_neutrophil/lymphocyte_ratio, mildly_low_neutrophil/lymphocyte_ratio, in-range_(low)_neutrophil/lymphocyte_ratio, optimal_neutrophil/lymphocyte_ratio, in-range_(high)_neutrophil/lymphocyte_ratio, mildly_elevated_neutrophil/lymphocyte_ratio, critically_elevated_neutrophil/lymphocyte_ratio, critically_low_homa-ir, suboptimal_low_homa-ir, optimal_homa-ir, mild_resistance_homa-ir, moderate_resistance_homa-ir, significant_resistance_homa-ir, diabetes_risk_homa-ir",,"excessively_low_hip-to-waist_ratio_male, low_hip-to-waist_ratio_male, suboptimal_low_hip-to-waist_ratio_male, optimal_hip-to-waist_ratio_male, suboptimal_high_hip-to-waist_ratio_male, high_hip-to-waist_ratio_male, excessively_high_hip-to-waist_ratio_male, excessively_low_hip-to-waist_ratio_female, low_hip-to-waist_ratio_female, suboptimal_low_hip-to-waist_ratio_female, optimal_hip-to-waist_ratio_female, suboptimal_high_hip-to-waist_ratio_female, high_hip-to-waist_ratio_female, excessively_high_hip-to-waist_ratio_female",recbIfUESzC18eAIL,,"recJLyNCZdm7tgHQX, recR0Gdeow6IHSDvd, rechT5IIPBRNzCb74, recV4aEMQC0LiYtAe, rec3W7SRo87kFQF0L",null,
rectzqLNFpNM4j27r,9,,"very_low_eosinophils, in-range_(low)_eosinophils, optimal_eosinophils, in-range_(high)_eosinophils, mild_eosinophilia_eosinophils, moderate_eosinophilia_eosinophils, severe_eosinophilia_eosinophils",rec4HrV6IpswwrF1u,,,,,Per Microliter (/µL),
rec2q39TFM3e8KV3u,10,,"critically_low_fasting_insulin, suboptimal_low_fasting_insulin, optimal_fasting_insulin, in-range_fasting_insulin, elevated_fasting_insulin, high_fasting_insulin, severe_elevation_fasting_insulin",recierVNozpgZdLZH,,,,,Micro–International Units per Milliliter (µU/mL),
rec3qTW4HF20wokjR,11,,"critically_low_alt_male, optimal_alt_male, in-range_alt_male, mild_elevation_alt_male, moderate_elevation_alt_male, severe_elevation_alt_male, critically_high_alt_male, critically_low_alt_female, optimal_alt_female, in-range_alt_female, mild_elevation_alt_female, moderate_elevation_alt_female, severe_elevation_alt_female, critically_high_alt_female, very_high_ggt_male, high_ggt_male, moderately_elevated_ggt_male, mildly_elevated_ggt_male, optimal_ggt_male, very_high_ggt_female, high_ggt_female, moderately_elevated_ggt_female, mildly_elevated_ggt_female, optimal_ggt_female, critically_low_alp, suboptimal_low_alp, optimal_alp, mildly_elevated_alp, moderately_elevated_alp, high_alp, critically_high_alp, critically_high_ast_male, severely_elevated_ast_male, moderately_elevated_ast_male, mildly_elevated_ast_male, optimal_ast_male, suboptimal_low_ast_male, critically_low_ast_male, critically_high_ast_female, severely_elevated_ast_female, moderately_elevated_ast_female, mildly_elevated_ast_female, optimal_ast_female, suboptimal_low_ast_female, critically_low_ast_female, critically_high_creatine_kinase_male, severely_elevated_creatine_kinase_male, moderately_elevated_creatine_kinase_male, mildly_elevated_creatine_kinase_male, optimal_creatine_kinase_male, suboptimal_low_creatine_kinase_male, critically_low_creatine_kinase_male, critically_high_creatine_kinase_female, severely_elevated_creatine_kinase_female, moderately_elevated_creatine_kinase_female, mildly_elevated_creatine_kinase_female, optimal_creatine_kinase_female, suboptimal_low_creatine_kinase_female, critically_low_creatine_kinase, critically_high_creatine_kinase_athlete, severely_elevated_creatine_kinase_athlete, moderately_elevated_creatine_kinase_athlete, mildly_elevated_creatine_kinase_athlete, optimal_creatine_kinase_athlete, suboptimal_low_creatine_kinase_athlete, critically_low_creatine_kinase_athlete","recfQt6B5C5wmZDqn, recsIZzvXU1VCDEpy, rec0mt0T6zXGg2XeQ, recHHlPLn8pdw89yH, recntmFnf3bSSe2DB",,,,,Units per Liter (U/L),
receuFZd6J4acZ99a,12,,"severely_low_testosterone_testosterone_male, borderline_low_testosterone_male, in-range_(low)_testosterone_male, in-range_(high)_testosterone_male, borderline_high_testosterone_male, excessively_high_testosterone_male, optimal_testosterone_male, severely_low_testosterone_female, borderline_low_testosterone_female, optimal_testosterone_female, in-range_(high)_testosterone_female, borderline_high_testosterone_female, excessively_high_testosterone_female, critically_low_free_testosterone_male, low_free_testosterone_male, normal_free_testosterone_male, optimal_free_testosterone_male, high_free_testosterone_male, critically_high_free_testosterone_male, critically_low_free_testosterone_female, low_free_testosterone_female, optimal_free_testosterone_female, high_free_testosterone_female, critically_high_free_testosterone_female","recX6IiQRem8pQ14z, recL8dpnjNSzBJp2L",,,,,Nanograms per Deciliter (ng/dL),
recdbxlpBTrlNoTak,13,,"severe_hypoalbuminemia_albumin, hypoalbuminemia_albumin, mildly_low_albumin, in-range_(low)_albumin, optimal_albumin, high_albumin, very_high_albumin, severe_hypoproteinemia_serum_protein, mildly_low_serum_protein, in-range_(low)_serum_protein, normal_serum_protein, optimal_serum_protein, high_normal_serum_protein, hyperproteinemia_serum_protein, severe_anemia_hemoglobin_male, mild_anemia_hemoglobin_male, in-range_hemoglobin_male, optimal_hemoglobin_male, high-normal_hemoglobin_male, excessively_high_hgb_hemoglobin_male, severe_anemia_hemoglobin_female, mild_anemia_hemoglobin_female, in-range_hemoglobin_female, optimal_hemoglobin_female, high-normal_hemoglobin_female, excessively_high_hgb_hemoglobin_female, severe_anemia_hemoglobin_ckd, suboptimal_hemoglobin_ckd, optimal_hemoglobin_ckd, in-range_(slightly_high)_hemoglobin_ckd, excessively_high_hemoglobin_ckd, critically_low_mean_corpuscular_hemoglobin_concentration_mchc, low_mean_corpuscular_hemoglobin_concentration_mchc, suboptimal_low_mean_corpuscular_hemoglobin_concentration_mchc, optimal_mean_corpuscular_hemoglobin_concentration_mchc, suboptimal_high_mean_corpuscular_hemoglobin_concentration_mchc, high_mean_corpuscular_hemoglobin_concentration_mchc, critically_high_mean_corpuscular_hemoglobin_concentration_mchc","rec07hP2wtWOA81Db, rec93yl8sjy6vTsht, recrdgjigS4nlwmx8, recp5z4Yutaf7CDEX",,,,,Grams per Deciliter (g/dL),
recCkKIc3io6oFgkp,14,,"severe_deficiency_vitamin_b12, mild_deficiency_vitamin_b12, in-range_(low)_vitamin_b12, optimal_vitamin_b12, in-range_(high)_vitamin_b12, high_vitamin_b12, excessively_high_vitamin_b12, low_estradiol_premenopausal_female, suboptimal_estradiol_premenopausal_female, optimal_estradiol_premenopausal_female, elevated_estradiol_premenopausal_female, excessive_estradiol_premenopausal_female, low_estradiol_premenopausal_female, suboptimal_estradiol_premenopausal_female, optimal_estradiol_premenopausal_female, elevated_estradiol_premenopausal_female, excessive_estradiol_premenopausal_female, low_estradiol_premenopausal_female, suboptimal_estradiol_premenopausal_female, optimal_estradiol_premenopausal_female, elevated_estradiol_premenopausal_female, excessive_estradiol_premenopausal_female, critically_low_estradiol_premenopausal_female, low_estradiol_postmenopausal_female, suboptimal_estradiol_postmenopausal_female, optimal_estradiol_postmenopausal_female, elevated_estradiol_postmenopausal_female, excessive_estradiol_postmenopausal_female, optimal_estradiol_male, in-range_(low)_estradiol_male, in-range_(high)_estradiol_male, elevated_estradiol_male, very_low_estradiol_male","recUzK4L9enpnuWG8, recDwWAHjdIXhMhSV",,,,,Picograms per Milliliter (pg/mL),
recA006Asz40Nh1R6,15,,"kidney_failure_(esrd)_egfr, severe_kidney_dysfunction_egfr, moderate_kidney_dysfunction_egfr, mild_kidney_dysfunction_egfr, in-range_egfr, optimal_egfr",recyUWBp7cedeahQO,,,,,Milliliters per Minute per 1.73 m² (mL/min/1.73 m²),
recqzwoxgtQZ2SG4L,16,,"extremely_high_homocysteine, moderate_elevation_homocysteine, mild_elevation_homocysteine, in-range_homocysteine, optimal_homocysteine, low_homocysteine, extremely_low_homocysteine",recLJcUUTL1szyE8Z,,,,,Micromoles per Liter (µmol/L),
rec4zt5xNOEXmzW4e,17,,"critically_low_cortisol, low_cortisol_output_cortisol, optimal_cortisol, mild_elevation_cortisol, moderate_elevation_cortisol, high_cortisol, excessively_high_cortisol",recwtXkPSEQgyddmt,,,,,Micrograms per Day (µg/day),
recYlor6S0PCYpDcZ,18,,"clinical_hyperthyroid_tsh_<75, subclinical_hyperthyroid_tsh_<75, in-range_(low)_tsh_<75, optimal_tsh_<75, in-range_(high)_tsh_<75, subclinical_hypothyroid_tsh_<75, clinical_hypothyroid_tsh_<75, clinical_hyperthyroid_tsh_>75, subclinical_hyperthyroid_tsh_>75, in-range_(low)_tsh_>75, optimal_tsh_>75, in-range_(high)_tsh_>75, subclinical_hypothyroid_tsh_>75, clinical_hypothyroid_tsh_>75, clinical_hyperthyroid_tsh_pregnancy_female, borderline_low_tsh_pregnancy_female, optimal_tsh_pregnancy_female, borderline_high_tsh_pregnancy_female, subclinical_hypothyroid_tsh_pregnancy_female, clinical_hypothyroid_tsh_pregnancy_female",recdABLj65LlSCrvr,,,,,Milli–International Units per Liter (mIU/L),
recK3ReJsREHh0InK,19,,"severe_hyponatremia_sodium, mild_hyponatremia_sodium, suboptimal_low_sodium, optimal_sodium, suboptimal_high_sodium, mild_hypernatremia_sodium, severe_hypernatremia_sodium, severe_hypokalemia_potassium, mild_hypokalemia_potassium, suboptimal_low_potassium, optimal_potassium, suboptimal_high_potassium, mild_hyperkalemia_potassium, severe_hyperkalemia_potassium","recALCA8WP3CwReZz, recGspbHqQAWDMXpQ",,,,,Millimoles per Liter (mmol/L),
recn6wsUifnmcth7E,20,,"critically_low_mean_corpuscular_hemoglobin_mch, low_mean_corpuscular_hemoglobin_mch, suboptimal_low_mean_corpuscular_hemoglobin_mch, optimal_mean_corpuscular_hemoglobin_mch, suboptimal_high_mean_corpuscular_hemoglobin_mch, high_mean_corpuscular_hemoglobin_mch, critically_high_mean_corpuscular_hemoglobin_mch",rec1DXEBKaRkramqH,,,,,Picograms per Cell (pg/cell),
recmMpMO0rPd1mQoo,21,,"critically_low_mean_corpuscular_volume, low_mean_corpuscular_volume, suboptimal_low_mean_corpuscular_volume, optimal_mean_corpuscular_volume, suboptimal_high_mean_corpuscular_volume, high_mean_corpuscular_volume, critically_high_mean_corpuscular_volume",recZa2jX2ZfsZQr47,,,,,Femtoliters (fL),
rec0Jh2SxPNRqo8st,22,,"critically_low_red_blood_cell_count_male, low_red_blood_cell_count_male, suboptimal_low_red_blood_cell_count_male, optimal_red_blood_cell_count_male, suboptimal_high_red_blood_cell_count_male, high_red_blood_cell_count_male, critically_high_red_blood_cell_count_male, critically_low_red_blood_cell_count_female, low_red_blood_cell_count_female, suboptimal_low_red_blood_cell_count_female, optimal_red_blood_cell_count_female, suboptimal_high_red_blood_cell_count_female, high_red_blood_cell_count_female, critically_high_red_blood_cell_count_female",recwIwB9znK0kB3Xg,,,,,Million per Microliter (million/µL),
rec45frpbX1A9jS2n,24,recALlzOrzmDI2PFI,,,"critically_low_vo2_max_male_20s, low_vo2_max_male_20s, suboptimal_vo2_max_male_20s, optimal_vo2_max_male_20s, critically_low_vo2_max_male_30s, low_vo2_max_male_30s, suboptimal_vo2_max_male_30s, optimal_vo2_max_male_30s, critically_low_vo2_max_male_40s, low_vo2_max_male_40s, suboptimal_vo2_max_male_40s, optimal_vo2_max_male_40s, critically_low_vo2_max_male_50s, low_vo2_max_male_50s, suboptimal_vo2_max_male_50s, optimal_vo2_max_male_50s, critically_low_vo2_max_male_60s, low_vo2_max_male_60s, suboptimal_vo2_max_male_60s, optimal_vo2_max_male_60s, critically_low_vo2_max_male_70s, low_vo2_max_male_70s, suboptimal_vo2_max_male_70s, optimal_vo2_max_male_70s, critically_low_vo2_max_female_20s, low_vo2_max_female_20s, suboptimal_vo2_max_female_20s, optimal_vo2_max_female_20s, critically_low_vo2_max_female_30s, low_vo2_max_female_30s, suboptimal_vo2_max_female_30s, optimal_vo2_max_female_30s, critically_low_vo2_max_female_40s, low_vo2_max_female_40s, suboptimal_vo2_max_female_40s, optimal_vo2_max_female_40s, critically_low_vo2_max_female_50s, low_vo2_max_female_50s, suboptimal_vo2_max_female_50s, optimal_vo2_max_female_50s, critically_low_vo2_max_female_60s, low_vo2_max_female_60s, suboptimal_vo2_max_female_60s, optimal_vo2_max_female_60s, critically_low_vo2_max_female_70s, low_vo2_max_female_70s, suboptimal_vo2_max_female_70s, optimal_vo2_max_female_70s, critically_low_vo2_max_male_80s, low_vo2_max_male_80s, suboptimal_vo2_max_male_80s, optimal_vo2_max_male_80s, critically_low_vo2_max_male_90s, low_vo2_max_male_90s, suboptimal_vo2_max_male_90s, optimal_vo2_max_male_90s, critically_low_vo2_max_female_80s, low_vo2_max_female_80s, suboptimal_vo2_max_female_80s, optimal_vo2_max_female_80s, critically_low_vo2_max_female_90s, low_vo2_max_female_90s, suboptimal_vo2_max_female_90s, optimal_vo2_max_female_90s",rec0v0JrVS6xu5Dcj,,recFl99d8n4l00XcA,Milliliters per Kilogram per Minute (mL/kg/min),
recd4eCCKpxMnTVbF,25,recbpPI1IIN4723h2,,,"critically_low_bmi, low_bmi, suboptimal_low_bmi, optimal_bmi, suboptimal_high_bmi, high_bmi, critically_high_bmi",reccxH7AESy9vvBPo,,recpCHgbnbY5cEy1Q,Kilograms per Square Meter (kg/m²),
recscXILqBeiKki06,26,"recDCuW8qaGyiG4QK, recWeCeFBeZIQMjxr",,,,,,,Inches (in),Centimeters (cm)
rec39VWgAtphw799o,27,"recPx0uqAFi7U3ULR, recsdGdRM1PaiVj7z",,,,,,,Pounds (lbs),Kilograms (kg)
recrG6e9x5tzQHXJc,28,recp6hE7CAeKbqNjf,,,"critically_low_steps/day, low_steps/day, moderate_steps/day, in-range_steps/day, optimal_steps/day, high_steps/day, excessive_steps/day",recJtLXdXFGC13wyd,recyH1DYgKqTxxInF,recNlALYqbdTE9AfY,Steps,
rec5eSPRQXyTttKrC,29,,,,,,,,Yards (yd),Meters (m)
recanDYikTx5CjDwp,30,"recrDsT8y5pSkheHZ, recY2ia89NuDjd02a, recgnDWuxxKErYlO7",,,,,"rec6L5wdZY9x1IkiT, recmarsbNEssqx1RB, recIzZHt5Xgmp7Pyr",,Kilocalories (kcal),
recpfotGDwzd0cdBq,31,recLvTwuQ0oK8rKF8,,,,,,,Flights Climbed (flights),
recYXpdHEr2ssGfnV,32,"reccHAHft4JmcBw0C, recXBRZ9iazTCB9mU",,,"critically_low_resting_heart_rate, low_resting_heart_rate, optimal_resting_heart_rate, high_resting_heart_rate, critically_high_resting_heart_rate",recLuAlDIETnvUUtO,"recwVShZTnqNCQWrM, rec4pJIHNT6QU5OFC, reczYQvFvAsy495nv, recXFWT3h7qXQ6WdI, recSIY3GMU62FGAF9",recjgSgnrdLSBJBZe,Beats per Minute (bpm),
recpPF7GBM8oVdBBs,33,"recxy4BUrQBKPg6tP, reclhdLSNMyFYBuiG",,,,,"recc71mdVj2yDyWW3, recfMCdlSmkY5mRqW, recoP4Z4LrfPouFsa, recuREH9qFfbnUCqM, recXuOIW3NxWt6aGF",,Degrees Fahrenheit (°F),Degrees Celsius (°C)
recatKPMdeFzFwNOr,34,,,,,,,,Degrees Celsius (°C),Degrees Fahrenheit (°F)
recoOmR51iqiHHr90,35,"recJp45RiN7mxNDRy, recttR50MiZX8h1x0",,,"optimal_blood_pressure_systolic, elevated_blood_pressure_systolic, hypertension_(stage_1)_blood_pressure_systolic, hypertension_(stage_2)_blood_pressure_systolic, optimal_blood_pressure_diastolic, hypertension_(stage_1)_blood_pressure_diastolic, hypertension_(stage_2)_blood_pressure_diastolic","recELBnyZAf0mIQH6, recSy02sgRnjfOkHE",,,Millimeters of Mercury (mmHg),
recSP80A9Nv7gMc6S,36,recCp5Ne5qAIa0fA6,,,,,,,Breaths per Minute (breaths/min),
rec4vXcCYRhwP0AVc,37,recKHQHOad09GLH8e,,,,,,,Microsiemens (µS),
recIdT9Afqs7pmbUZ,38,"recAf2UpbCSxrLdL4, recD7Yr9PATJPpM3c, rec168KRoYYSbGpnf, recNoxkIaUsGH8XZ0, recP4mYviD1JQCyHQ, recT5JKXR7m7U994X, recojsOkioQgNKdmq, recY2ytuqyMP6fRY9",,,,,,"recgyE3iWXP2ccYEx, recfE9BcGPHq9cPDZ, recGPPDd5i4uun3oa",Grams (g),
recZhDpt9Z7TwlPV0,39,"recJKiOIi00raDg2b, recEkaIe5soPE2KHT, recRhWTqtjMmiJZjn, recRPoE01Jwl9xEKo, rec9KxaRtHIBaiNAq, recF34r3zMrQI2njF, recAw57CA3fMI2LYb, recYWMkHNS38yxT04, rec49suabd2j6RAyD, recSquzkiVMlp1xIR, recjj3U7xwK2ORLw3, rec8Xi4aXcWlMShqd, recx4JTpvivdTmG6Z, recULIKYvq6OF2kHh, recpfmvKp5LEFgUoK, reclJcdBfdeB581Bm, rectYcLGfVnSe5CgF, recoITELSvPlKwQAy, recaxoaTltNZvdJ85",,,,,,reclDxNnJwcuQSYak,Milligrams (mg),
reci9Job5YUHzeOmp,40,recOXZjW1dnTrOH8C,,,,,,recEbOiNyw46llfxE,Milliliters (mL),
reccQ8CBI7yU37g1V,41,"recvDPoKM5Uidfc2m, recdY0VsvbXkR7ltl, rec2YsLE8DhUgFTAH",,,"critically_low_rem_sleep, low_rem_sleep, moderate_rem_sleep, optimal_rem_sleep, critically_low_deep_sleep, low_deep_sleep, moderate_deep_sleep, optimal_deep_sleep, high_rem_sleep, critically_high_rem_sleep, high_deep_sleep, critically_high_deep_sleep","rec8o1wlo0olBMl8A, recXiq3Os05QJJki4",,"rec6ECEJg5nhl0x6y, recFreByeShGraal0, rec0nsL37Ihw1mkM0, rechN97Dq5ALu3FI9, rec5WLPHYGoaKUCjp, rec1MrcLLaRhmGBR2, recV6TvniDSNrmCPt, recNBUyw6NvnP8WOh, recoeS7pfQzXi85uK, recEfAO5FbGtiFMH7, rec0UzAaii5gqPh5k, reczsDrLyAiXOgJi7, rectwdl12NyOIQZxD, recdAJfs9MBESWD8O",Minutes (min),
recWu9P0xMc4GJ7Dr,42,,,,,,,,n/a,
recZMVRig9nxYNHvv,43,,,,,,,,Decibels (dB),
reczWBmcdxG9rVqbk,44,,,,,,,,Liters per Minute (L/min),
recUmMlMzvNxStxMs,45,"recCo8leepaR8EsU8, reclxn5wWg1PDXcBB",,,"severely_low_water_intake, low_water_intake, in-range_water_intake, optimal_water_intake",rec2TPqzUK1SroxUj,,,Liters (L),
rec1IKRIzwCHAh8qU,46,"recHoNp5i84YfI2up, recbeIUM7a1UfgOnr, recm7QOKEOyf6HyaE",,,,,,,Meters per Second (m/s),
recQCeZTiC8j0miNE,47,rec7EBYoRx6JqWge9,,,"critically_low_total_sleep, low_total_sleep, moderate_total_sleep, optimal_total_sleep, high_total_sleep, critically_high_total_sleep",recxJqmq5ipZMLJsj,,"recY75tn39AEXKwbl, reclDVu1Iv6feixC3",Hours (hr),
recJrNIL5Ft3i4FRT,48,"recN4BXRVVlhfe7Nr, recgFkuXvMlCyXXdW, recik3KV1u3sYXm7Y, recStPJ16ZW0vDwhw, recKKveiVw9WKU86R, recSjKkMIJPUivSuJ",,,,,"recADDvy2ZQfEz4hM, recTjBhbsZpkby61h, recdRU2jVVyTTaqB8","reccae2LNjsIz4uBu, recx1YaZabuU3zURf, recVMr3DikpSr9pNN, recATC4ssc5CoJarW, recsM47DgXMaSFxrK, recn2NJclI5AuwTnP, rec4pZKchlwcEivTq",Timestamp (HH:MM),
recR2TxjC6P5K2lLH,49,,,,,,,"recEQJIHSBn0dbAsE, recKLAs4h7IGRfWda, recMRSL40KDppZ8IJ, recJ13o0XSJGZkkdP, rec0Bp07c21sb2Ref, recrOyba1O3mB2CHm, recr6RWwNxcz0tpr3, recgumU8bXrsl54Ed, recbJUUXvMmPRbpoM",Servings,
recRudfFCBKMZ4rdT,50,,,,,,,"recXGAU9Qi5e8bKSW, recmrxrBzd9TFYnvB, recUyh0VZjCy93jRe, recV4FEjIHsOdKtHc, recfZYnWPIzFnqZHW",Sources,
recd5JtbFoIQDWXNP,51,,,,,,,"recwG50znghbnB0TO, reczZJe3TIG1mp9oT, recOyyoTez0r0ndcp, recRaC1lSL33KQ2u8",Meals,
recUV0bxmlnyErWvL,52,,,,,,,"reclY9BPepnZQSiDm, recx84UE6rhr6jUuq, recl2iT9ZsTmqtIV6, rec5CjdtdR3SqBAcU, recWB10Y3P4QgrkAQ, recxlOQKCdytNnWtb, recLm7PvuOlBuiAEk, recKVJCrX5rb8Y3Ei, recIP9lf7bOv9VcpU, recOqQiV6ZtMeXXjM",Sessions,
rechohnsJTiBYEXRz,53,,,,,,,recY1Tz7OcO33HuVW,Cigarettes,
recD7Y2Ckq2dsPbRk,54,recbAuBEIQoHhYOtw,,,,,,recqjvztOuYRXj3Sm,Drinks,
recs216xGcYqeWqrd,55,"recNZvh2o18yoAPJX, recklhkjgQWxXwRFU, recH4KDpLSJncPXrr, recaiSpStb7JcjWjI, recVcua5iiLaEeKqH",,,,,,"recjmkU2nIaeSH2XZ, recWRDVKJz69pZhYp, recbjdq0PfP4GcXi1, recutpzJz61uQt7wt, recHJKknkW9SQFCqf, recOAhYP3SRyhogfN, rec2cSrZAbKzTrbAJ, recFzpUjGNlVM3RNK, recn391Dhu15POjM6, recBPu9PYFPU8hate, reczBLGmSI3jWDQ1K",Boolean,
rec7Tm4UTHn6ZVqIX,56,"recintWQGAmnh2fYM, recqUXqqnCW9ddeku, recnalNyiDkdmxVCg, rec5ODLVfxJrt5of4, recExm2XK9TaAEquA",,,,,,,Miles (mi),Kilometers (km)
recUIHGGkDaz4WmBe,57,,,,,,,,Kilometers (km),Miles (mi)
recTze2xtGoOl8vZS,58,,,,"optimal_grip_strength_male_20s, moderate_grip_strength_male_20s, low_grip_strength_male_20s, optimal_grip_strength_male_30s, moderate_grip_strength_male_30s, low_grip_strength_male_30s, optimal_grip_strength_male_40s, moderate_grip_strength_male_40s, low_grip_strength_male_40s, optimal_grip_strength_male_50s, moderate_grip_strength_male_50s, low_grip_strength_male_50s, optimal_grip_strength_male_60s, moderate_grip_strength_male_60s, low_grip_strength_male_60s, optimal_grip_strength_male_70s, moderate_grip_strength_male_70s, low_grip_strength_male_70s, optimal_grip_strength_female_20s, moderate_grip_strength_female_20s, low_grip_strength_female_20s, optimal_grip_strength_female_30s, moderate_grip_strength_female_30s, low_grip_strength_female_30s, optimal_grip_strength_female_40s, moderate_grip_strength_female_40s, low_grip_strength_female_40s, optimal_grip_strength_female_50s, moderate_grip_strength_female_50s, low_grip_strength_female_50s, optimal_grip_strength_female_60s, moderate_grip_strength_female_60s, low_grip_strength_female_60s, optimal_grip_strength_female_70s, moderate_grip_strength_female_70s, low_grip_strength_female_70s, optimal_grip_strength_male_80s, moderate_grip_strength_male_80s, low_grip_strength_male_80s, optimal_grip_strength_male_90s, moderate_grip_strength_male_90s, low_grip_strength_male_90s, optimal_grip_strength_female_80s, moderate_grip_strength_female_80s, low_grip_strength_female_80s, optimal_grip_strength_female_90s, moderate_grip_strength_female_90s, low_grip_strength_female_90s","recHOTAk6Lpmb9uUz, recWsK4nX930OGci1",,"recZKlcHhj7CDPJSf, recseppfup15Ij0xE, recMVZ6YoOQTJvFBa",Kilograms (kg),
rec2grR1Wr3CMeAP6,59,"recQBjJFrzDXIbiDl, recDaOUpfgCrjtH1F",,,,,,,Meters (m),
recQN6xgoi4432cV4,60,,,,"moderate_hrv, critically_low_hrv, low_hrv, optimal_hrv",recqea20SA5Y5BaIw,"recKgYYOeHXyJulyg, recoyQfXzneLwoUDT",recBp4p7hx3cGOZFS,Milliseconds (ms),
recR8JYAIg8hrZ5KY,61,,,,,,,recSQT5ayVm36emQh,Episodes,
rec1o073Lc083J0rm,62,,,,,,recTIAsxgFo1B40ER,,Days,
recvGPBD5JfrVZoZv,63,recpyQ6eSVwxEVhb2,,,,,,rec6b386oYCSHnyVO,count,
recu9BN4ZNbFJCh7F,64,recyFrD26MRqpUHT1,,,,,,"recV7GwS5qz8ax9e3, recXrIxSC6eJAABsm, recBVz1P5qclRyYRf, reccZbmA70Zghtazb, recDyD93EFJDUtdwq, recKMLHBA5mgUKArk, reclbWmQP7SMJmseU, recZkuVpMxOjNagr1, rec5k4qj3T8SPVTI2, rec78l8tMeHxVQibM, recvl8UuJgKIngkOf, recRpixGBWGUwkN7B, recxdHdNneF2qdfCI",Date (MM/DD),
recVxlPeS8mor47Iu,65,recHMwKEVQnGZetpY,,,,recKjpXsXuiQfYGpu,,,Centimeters (cm),
reczZAOC6rLef07Mw,66,,,,,,,,% gait cycle,
recX1PiTxKiJGkQUt,67,,,,,,,,Sets,
recjhP3d69xuVCo37,68,,,,,,,,Teaspoons (tsp),
rec5vRbwiIET61g0h,69,,,,,,,,Tablespoons (tbsp),
rech7StvnsqctaL2Q,70,,,,,,,,Ounces (oz),
recWwu7oHNlYXAt5f,71,,,,,,,,Cups,
recpPHmPGHT2557c8,72,,,,,,,,Packs,
recU2Tu25riSqtUYG,73,,,,,,,,Tool Type,
recx21UDgISKSX2ys,74,,,,,,,,Intensity Category (light/mod/heavy),
recLAbncxgPu58sFy,75,,,,,,,,Positive/Negative,
recEUmkqIWNhyQKuU,76,,,,,,,,Change from Baseline (Δ from baseline),
recZEumSkbapRgFi9,77,,,,,,,,Activity Type,
recmJP68VfN4dRNY9,78,,,,,,,,Game Type,
recVgEgkbDSHyVvkB,79,,,,,,,,Type of Activity,
recrxYRWE9H8FjM5z,80,recGVJo8c3QNZDgAt,,,,,,,Male,
recEuo7wnODEON8yI,81,recGVJo8c3QNZDgAt,,,,,,,Female,
rec9ZeD3Xd4JlFc9v,83,,,,,,,,Watts (W),
recrCuHsmQyh6TO3B,84,reckQIjlK6mO0kCzw,,,,,,,Strokes (strokes),
recjd9mC81wqpDIGd,85,,,,,,,,None,
recbWqdCu0yhTR0r2,86,,,,,,,,Medium,
reckhV6Usxf23WxWJ,87,,,,,,,,Light,
recVzlxBuZwRsHI5b,88,,,,,,,,Heavy,
recL9IqBHQHjvrrD3,89,"rec41ZpLtJB4fV1j7, recK4yPElOebDftJ1, recYKZ4b4AaGopAXt, recMyrVFWauOWEEmG, recqOcoQHDXDWUlmR, rec3nK7KKFVWhpnR3, recKqRJ0J1p4KfplZ, recFVZ4bFN9vMqZax",,,,,,rec5S7ARenQjrrMWB,Event,
receOcszgoTQSFjlF,90,"recR9w4aSTjn4AVMN, recoSyuEumcrqQfFS, recwttnGd9l4UvJok, recZoW1j2oJfMS9Pn, receXYrQxQBpgGV09, recyPz1QwWLrDhoYQ, recfLgxLd7xD2OziG, recQHcq5prmwIf1NK, rec6WfO5EMMIfMwvt, rectCDJ5fwvaDATdO",,,,,,,Micrograms (µg),
recWs27ppLfN8rP10,91,,,,,,,,Text,
recUw2FsJ2E9ebSTt,92,rect9e0O2CWh6aG7T,,,,,,,Miles/Hour (MPH),
recjWAYwB0yi4tXti,94,,,,,,,,Puffs,
recwmvdO2AljhwLSz,95,,,,,,,,International Units (IU),
rec9x2cf6XhNVKYNn,96,,,,,,"recf0Uycpk78YYiHT, rec9BiO45Oy2JVqn2, rec96GNDvJY3YtfKB, recZnU66f6Ymo8rXE, recgV1MPnqA4iHUZg, recCehAlWoqxwfc8e, recSdjPViB5M5zlFp, recpB2syt15mJliUu, recfkrBi58RhpTCcu",,Time (Hours + Minutes),
recLLePuLIEkXPYeG,97,,,,,,"recS4i5N3CwrUIC5y, recb4HB8yw73fCjKJ",,Time (Minutes),
recwzc36RV0xKJOPH,98,,,,,,,rec4SBmFYUdPPk8U8,Foods,
recLg5GmoHYqnaLix,99,,"optimal_, good_, in-range_, at_risk_, high_risk_, optimal_, good_, in-range_, at_risk_, high_risk_",,"optimal_omicmage, good_omicmage, in-range_omicmage, at_risk_omicmage, high_risk_omicmage, optimal_dunedinpace, good_dunedinpace, in-range_dunedinpace, at_risk_dunedinpace, high_risk_dunedinpace","rec4QIBfko80oUrse, recSPcdttzjfdYKGh, reciTknH7n07S8Rxu, recljtLOpTsmOHuy1",,,Years,
recpKlvDlHcWLvPMy,100,,,,,,,,Months,
