record_id,algorithm_type,config_id,config_name,created,created_by,formula,id_start,last_modified_by,last_modified_time,level_description_from_recommendations_v2,recommendations_v2,schema_calculated_metrics_1,schema_calculation_method,schema_daily_comparison,schema_daily_limit,schema_daily_threshold,schema_evaluation_period,schema_progress_direction,schema_required_days,schema_total_days,schema_tracked_metrics,schema_units,scoring_method,title_from_recommendations_v2,ui_display_schema_calculated_metrics,ui_display_schema_tracked_metrics,unit_identifier_1,units_schema_tracked_metrics
recaVsF3EDH8sQey3,binary_frequency,REC0013.1-MINIMUM-FREQUENCY,Binary Frequency - dietary_caffeine_amount,2025-09-23T00:42:02.000Z,"{""id"": ""usrdgG7vRV8iqukqL"", ""email"": ""keegankdolan@gmail.com"", ""name"": ""Keegan Dolan""}",(days_meeting_threshold / required_days) * 100,MINIMUM-FREQUENCY,"{""id"": ""usrdgG7vRV8iqukqL"", ""email"": ""keegankdolan@gmail.com"", ""name"": ""Keegan Dolan""}",2025-09-26T21:43:16.000Z,Reduce caffeine intake to ≤400mg per day on at least 2 days per week,reczcZcT5i4xa0FPO,rec5IeICLAinb5el7,daily_binary_frequency,<=,,400,rolling_7_day,reduction,2,7,rec33hAbT2CCCkxB4,milligram,recrszdeQRK91Ju5g,Reduce Caffeine Intake,Milligrams,Milligrams,recBxCQOAdMmOV1Hi,recBxCQOAdMmOV1Hi
recV2rj0dy2ReX9iy,binary_threshold,REC0013.2-MINIMUM-FREQUENCY,Minimum Frequency - caffeine limit 400mg 5 days/week,2025-09-23T00:42:02.000Z,"{""id"": ""usrdgG7vRV8iqukqL"", ""email"": ""keegankdolan@gmail.com"", ""name"": ""Keegan Dolan""}",if (days_meeting_threshold >= required_days) then success_value else failure_value,MINIMUM-FREQUENCY,"{""id"": ""usrdgG7vRV8iqukqL"", ""email"": ""keegankdolan@gmail.com"", ""name"": ""Keegan Dolan""}",2025-09-26T21:43:16.000Z,Reduce caffeine intake to ≤400mg per day on at least 5 days per week,reck6gezGPsFsMqCL,rec5IeICLAinb5el7,daily_threshold_frequency_count,<=,,400,weekly_minimum_frequency,countdown,5,7,rec33hAbT2CCCkxB4,milligram,recrszdeQRK91Ju5g,Reduce Caffeine Intake,Milligrams,Milligrams,recBxCQOAdMmOV1Hi,recBxCQOAdMmOV1Hi
recmBxmLeAu65RLBx,binary_threshold,REC0015.1-MINIMUM-FREQUENCY,Minimum Frequency - caffeine timing cutoff 2pm 2 days/week,2025-09-23T00:42:02.000Z,"{""id"": ""usrdgG7vRV8iqukqL"", ""email"": ""keegankdolan@gmail.com"", ""name"": ""Keegan Dolan""}",100 if days_meeting_threshold >= required_days else 0,MINIMUM-FREQUENCY,"{""id"": ""usrdgG7vRV8iqukqL"", ""email"": ""keegankdolan@gmail.com"", ""name"": ""Keegan Dolan""}",2025-09-26T21:43:16.000Z,Finish all caffeinated beverages by 2pm on at least 2 days per week,recVC73ovc4Syfdxd,recEs3iBq3EP4d3yM,daily_threshold_frequency_count,<=,,840,weekly_minimum_frequency,measurement,2,7,rec33hAbT2CCCkxB4,minutes_since_midnight,recrszdeQRK91Ju5g,Optimize Caffeine Timing,Time of Day,Milligrams,recv2GuhbmM9UdNDp,recBxCQOAdMmOV1Hi
rec2bctnSMa0OpN5W,binary_threshold,REC0015.2-MINIMUM-FREQUENCY,Minimum Frequency - caffeine timing cutoff 2pm 5 days/week,2025-09-23T00:42:02.000Z,"{""id"": ""usrdgG7vRV8iqukqL"", ""email"": ""keegankdolan@gmail.com"", ""name"": ""Keegan Dolan""}",100 if days_meeting_threshold >= required_days else 0,MINIMUM-FREQUENCY,"{""id"": ""usrdgG7vRV8iqukqL"", ""email"": ""keegankdolan@gmail.com"", ""name"": ""Keegan Dolan""}",2025-09-26T21:43:16.000Z,Finish all caffeinated beverages by 2pm on at least 5 days per week,recG1S3EdZ536zea7,recEs3iBq3EP4d3yM,daily_threshold_frequency_count,<=,,840,weekly_minimum_frequency,measurement,5,7,rec33hAbT2CCCkxB4,minutes_since_midnight,recrszdeQRK91Ju5g,Optimize Caffeine Timing,Time of Day,Milligrams,recv2GuhbmM9UdNDp,recBxCQOAdMmOV1Hi
recywBWt93G5dsWy0,minimum_frequency,REC0016.1-MINIMUM-FREQUENCY,Minimum Frequency - daily_meals,2025-09-23T00:42:02.000Z,"{""id"": ""usrdgG7vRV8iqukqL"", ""email"": ""keegankdolan@gmail.com"", ""name"": ""Keegan Dolan""}",if (qualifying_days >= required_days) then 100 else (qualifying_days/required_days)*100,MINIMUM-FREQUENCY,"{""id"": ""usrdgG7vRV8iqukqL"", ""email"": ""keegankdolan@gmail.com"", ""name"": ""Keegan Dolan""}",2025-09-26T21:43:16.000Z,Eat at least 2 meals per day every day of the week,rechfHe4UeeCUja1n,recGpA90JnwA5Lwwi,frequency_count,>=,,2,weekly,buildup,7,7,recVBnB9mNNstK4qa,meal,recrszdeQRK91Ju5g,Daily Meal Frequency,Meals,Meals,rec9OxY60mezaCp2J,rec9OxY60mezaCp2J
rec1nS4kOT1vqBT1I,minimum_frequency,REC0016.2-MINIMUM-FREQUENCY,Minimum Frequency - daily_meals,2025-09-23T00:42:02.000Z,"{""id"": ""usrdgG7vRV8iqukqL"", ""email"": ""keegankdolan@gmail.com"", ""name"": ""Keegan Dolan""}",if (qualifying_days >= required_days) then 100 else (qualifying_days/required_days)*100,MINIMUM-FREQUENCY,"{""id"": ""usrdgG7vRV8iqukqL"", ""email"": ""keegankdolan@gmail.com"", ""name"": ""Keegan Dolan""}",2025-09-26T21:43:16.000Z,Eat at least 3 meals per day on at least 5 days per week,recyo7UyrZuNO5spU,recGpA90JnwA5Lwwi,frequency_count,>=,,3,weekly,buildup,5,7,recVBnB9mNNstK4qa,meal,recrszdeQRK91Ju5g,Daily Meal Frequency,Meals,Meals,rec9OxY60mezaCp2J,rec9OxY60mezaCp2J
rectWgPNzJ29KFNQV,binary_threshold,REC0017.1-MINIMUM-FREQUENCY,Minimum Frequency - 10-hour eating window 2 days/week,2025-09-23T00:42:02.000Z,"{""id"": ""usrdgG7vRV8iqukqL"", ""email"": ""keegankdolan@gmail.com"", ""name"": ""Keegan Dolan""}",100 if days_meeting_threshold >= required_days else 0,MINIMUM-FREQUENCY,"{""id"": ""usrdgG7vRV8iqukqL"", ""email"": ""keegankdolan@gmail.com"", ""name"": ""Keegan Dolan""}",2025-09-26T21:43:16.000Z,"On at least 2 days per week, keep all eating within a 10-hour window (e.g., finish dinner by 7pm, eat breakfast after 9am)",rec1J3jFsVfW3V9Xb,rec2vrtjlYXnqlvpr,daily_threshold_frequency_count,<=,,10,weekly_minimum_frequency,measurement,2,7,recVBnB9mNNstK4qa,hours,recrszdeQRK91Ju5g,Time Restricted Eating,Hours,Meals,reckolm0WELYWYy5d,rec9OxY60mezaCp2J
recgWb2RPnFakG08M,binary_threshold,REC0017.2-MINIMUM-FREQUENCY,Minimum Frequency - 8-hour eating window 5 days/week,2025-09-23T00:42:02.000Z,"{""id"": ""usrdgG7vRV8iqukqL"", ""email"": ""keegankdolan@gmail.com"", ""name"": ""Keegan Dolan""}",100 if days_meeting_threshold >= required_days else 0,MINIMUM-FREQUENCY,"{""id"": ""usrdgG7vRV8iqukqL"", ""email"": ""keegankdolan@gmail.com"", ""name"": ""Keegan Dolan""}",2025-09-26T21:43:16.000Z,"On at least 5 days per week, keep all eating within an 8-hour window (e.g., first meal at 10am, last meal by 6pm)",rec7uKzibhvOoWo4b,rec2vrtjlYXnqlvpr,daily_threshold_frequency_count,<=,,8,weekly_minimum_frequency,measurement,5,7,recVBnB9mNNstK4qa,hours,recrszdeQRK91Ju5g,Time Restricted Eating,Hours,Meals,reckolm0WELYWYy5d,rec9OxY60mezaCp2J
receqilunCEHdpH2U,minimum_frequency,REC0017.3-MINIMUM-FREQUENCY,Minimum Frequency - 8-hour eating window daily,2025-09-23T00:42:02.000Z,"{""id"": ""usrdgG7vRV8iqukqL"", ""email"": ""keegankdolan@gmail.com"", ""name"": ""Keegan Dolan""}","min((successful_days / required_days) * 100, 100)",MINIMUM-FREQUENCY,"{""id"": ""usrdgG7vRV8iqukqL"", ""email"": ""keegankdolan@gmail.com"", ""name"": ""Keegan Dolan""}",2025-09-26T21:43:16.000Z,"Every day of the week, keep all eating within an 8-hour window (e.g., first meal at 10am, last meal by 6pm)",recQ3pTTvENbpI2mh,rec2vrtjlYXnqlvpr,daily_threshold_achievement,<=,,8,daily,measurement,7,7,recVBnB9mNNstK4qa,hours,recrszdeQRK91Ju5g,Time Restricted Eating,Hours,Meals,reckolm0WELYWYy5d,rec9OxY60mezaCp2J
reclsKtd5yaU7VjYH,binary_threshold,REC0018.1-MINIMUM-FREQUENCY,Minimum Frequency - first meal within 2 hours 3 days/week,2025-09-23T00:42:02.000Z,"{""id"": ""usrdgG7vRV8iqukqL"", ""email"": ""keegankdolan@gmail.com"", ""name"": ""Keegan Dolan""}",100 if days_meeting_threshold >= required_days else 0,MINIMUM-FREQUENCY,"{""id"": ""usrdgG7vRV8iqukqL"", ""email"": ""keegankdolan@gmail.com"", ""name"": ""Keegan Dolan""}",2025-09-26T21:43:16.000Z,Eat your first meal of the day within 2 hours of waking at least 3 times a week,recYoFXNhHErfamJh,recuYoFcLSUuqXnvi,daily_threshold_frequency_count,<=,,2,weekly_minimum_frequency,measurement,3,7,"recVBnB9mNNstK4qa, recftlzJ5y399ZpGW",hours,recrszdeQRK91Ju5g,First Meal Timing,Hours,"Meals, Time of Day",reckolm0WELYWYy5d,"rec9OxY60mezaCp2J, recv2GuhbmM9UdNDp"
recB7Fbmgc0DZBU0r,binary_threshold,REC0018.2-MINIMUM-FREQUENCY,Minimum Frequency - first meal within 2 hours 5 days/week,2025-09-23T00:42:02.000Z,"{""id"": ""usrdgG7vRV8iqukqL"", ""email"": ""keegankdolan@gmail.com"", ""name"": ""Keegan Dolan""}",100 if days_meeting_threshold >= required_days else 0,MINIMUM-FREQUENCY,"{""id"": ""usrdgG7vRV8iqukqL"", ""email"": ""keegankdolan@gmail.com"", ""name"": ""Keegan Dolan""}",2025-09-26T21:43:16.000Z,Eat your first meal of the day within 2 hours after waking on at least 5 days per week,recnRyEUhjUeoUchl,recuYoFcLSUuqXnvi,daily_threshold_frequency_count,<=,,2,weekly_minimum_frequency,measurement,5,7,"recVBnB9mNNstK4qa, recftlzJ5y399ZpGW",hours,recrszdeQRK91Ju5g,First Meal Timing,Hours,"Meals, Time of Day",reckolm0WELYWYy5d,"rec9OxY60mezaCp2J, recv2GuhbmM9UdNDp"
recNYvHTnutdT4Wmk,minimum_frequency,REC0018.3-MINIMUM-FREQUENCY,Minimum Frequency - first meal within 2 hours daily,2025-09-23T00:42:02.000Z,"{""id"": ""usrdgG7vRV8iqukqL"", ""email"": ""keegankdolan@gmail.com"", ""name"": ""Keegan Dolan""}","min((successful_days / required_days) * 100, 100)",MINIMUM-FREQUENCY,"{""id"": ""usrdgG7vRV8iqukqL"", ""email"": ""keegankdolan@gmail.com"", ""name"": ""Keegan Dolan""}",2025-09-26T21:43:16.000Z,Eat your first meal of the day within 2 hours after waking every day of the week,recmdRVGzVZWVywBI,recuYoFcLSUuqXnvi,daily_threshold_achievement,<=,,2,daily,measurement,7,7,"recVBnB9mNNstK4qa, recftlzJ5y399ZpGW",hours,recrszdeQRK91Ju5g,First Meal Timing,Hours,"Meals, Time of Day",reckolm0WELYWYy5d,"rec9OxY60mezaCp2J, recv2GuhbmM9UdNDp"
recZWBMurnczhPE41,binary_threshold,REC0019.1-MINIMUM-FREQUENCY,Minimum Frequency - last meal 2+ hours before bed 2 days/week,2025-09-23T00:42:02.000Z,"{""id"": ""usrdgG7vRV8iqukqL"", ""email"": ""keegankdolan@gmail.com"", ""name"": ""Keegan Dolan""}",100 if days_meeting_threshold >= required_days else 0,MINIMUM-FREQUENCY,"{""id"": ""usrdgG7vRV8iqukqL"", ""email"": ""keegankdolan@gmail.com"", ""name"": ""Keegan Dolan""}",2025-09-26T21:43:16.000Z,Finish your final meal at least 2 hours before bedtime on at least 2 days per week,recis6ZIrpUjVVGQq,recNyjVFxPUtmKTSf,daily_threshold_frequency_count,>=,,2,weekly_minimum_frequency,measurement,2,7,"recVBnB9mNNstK4qa, rec3aaVy0dCKmrdxX",hours,recrszdeQRK91Ju5g,Final Meal Timing,Hours,"Meals, Time of Day",reckolm0WELYWYy5d,"rec9OxY60mezaCp2J, recv2GuhbmM9UdNDp"
rec9I85lNAdesXqtS,binary_threshold,REC0019.2-MINIMUM-FREQUENCY,Minimum Frequency - last meal 3+ hours before bed 5 days/week,2025-09-23T00:42:02.000Z,"{""id"": ""usrdgG7vRV8iqukqL"", ""email"": ""keegankdolan@gmail.com"", ""name"": ""Keegan Dolan""}",100 if days_meeting_threshold >= required_days else 0,MINIMUM-FREQUENCY,"{""id"": ""usrdgG7vRV8iqukqL"", ""email"": ""keegankdolan@gmail.com"", ""name"": ""Keegan Dolan""}",2025-09-26T21:43:16.000Z,Finish your final meal at least 3 hours before bedtime on at least 5 days per week,rec7j9tyH4EV9L9yd,recNyjVFxPUtmKTSf,daily_threshold_frequency_count,>=,,3,weekly_minimum_frequency,measurement,5,7,"recVBnB9mNNstK4qa, rec3aaVy0dCKmrdxX",hours,recrszdeQRK91Ju5g,Final Meal Timing,Hours,"Meals, Time of Day",reckolm0WELYWYy5d,"rec9OxY60mezaCp2J, recv2GuhbmM9UdNDp"
rec2rWC5a6TvkvodL,minimum_frequency,REC0019.3-MINIMUM-FREQUENCY,Minimum Frequency - last meal 3+ hours before bed daily,2025-09-23T00:42:02.000Z,"{""id"": ""usrdgG7vRV8iqukqL"", ""email"": ""keegankdolan@gmail.com"", ""name"": ""Keegan Dolan""}","min((successful_days / required_days) * 100, 100)",MINIMUM-FREQUENCY,"{""id"": ""usrdgG7vRV8iqukqL"", ""email"": ""keegankdolan@gmail.com"", ""name"": ""Keegan Dolan""}",2025-09-26T21:43:16.000Z,Finish your final meal at least 3 hours before bedtime every day of the week,recaHXUIQkCQZUyup,recNyjVFxPUtmKTSf,daily_threshold_achievement,>=,,3,daily,measurement,7,7,"recVBnB9mNNstK4qa, rec3aaVy0dCKmrdxX",hours,recrszdeQRK91Ju5g,Final Meal Timing,Hours,"Meals, Time of Day",reckolm0WELYWYy5d,"rec9OxY60mezaCp2J, recv2GuhbmM9UdNDp"
recLD9AKRpHv8MRio,binary,REC0021.1-MINIMUM-FREQUENCY,Minimum Frequency - whole food meals 1 meal 2 days/week,2025-09-23T00:42:02.000Z,"{""id"": ""usrdgG7vRV8iqukqL"", ""email"": ""keegankdolan@gmail.com"", ""name"": ""Keegan Dolan""}",100 if days_meeting_threshold >= required_days else 0,MINIMUM-FREQUENCY,"{""id"": ""usrdgG7vRV8iqukqL"", ""email"": ""keegankdolan@gmail.com"", ""name"": ""Keegan Dolan""}",2025-09-26T21:43:16.000Z,"Make at least 1 meal per day a whole-food meal (unprocessed/minimally processed ingredients), 2+ days/week",recm7NxBHBB2fClE6,recYiJzYAm3QkH9y9,daily_threshold_frequency_count,>=,,1,weekly_minimum_frequency,buildup,1,7,recnQIsdQFp3wedHR,meal,recrszdeQRK91Ju5g,Daily Whole Food Meals,Meals,Meals,rec9OxY60mezaCp2J,rec9OxY60mezaCp2J
recEqSFc9tugpyqD5,binary,REC0021.3-MINIMUM-FREQUENCY,Minimum Frequency - all whole food meals 5 days/week,2025-09-23T00:42:02.000Z,"{""id"": ""usrdgG7vRV8iqukqL"", ""email"": ""keegankdolan@gmail.com"", ""name"": ""Keegan Dolan""}",average ratio score on at least 5 days with partial credit,MINIMUM-FREQUENCY,"{""id"": ""usrdgG7vRV8iqukqL"", ""email"": ""keegankdolan@gmail.com"", ""name"": ""Keegan Dolan""}",2025-09-26T21:43:16.000Z,"Make all meals whole-food based, at least 5 days per week",recBPC6hC5tkxmXSH,recYiJzYAm3QkH9y9,daily_threshold_frequency_count,>=,,1,weekly_minimum_frequency,buildup,5,7,recnQIsdQFp3wedHR,meal,recrszdeQRK91Ju5g,Daily Whole Food Meals,Meals,Meals,rec9OxY60mezaCp2J,rec9OxY60mezaCp2J
recbOUe3YArBODXBA,binary,REC0022.1-MINIMUM-FREQUENCY,Minimum Frequency - ultra-processed foods 1 serving 2 days/week,2025-09-23T00:42:02.000Z,"{""id"": ""usrdgG7vRV8iqukqL"", ""email"": ""keegankdolan@gmail.com"", ""name"": ""Keegan Dolan""}",100 if days_meeting_threshold >= required_days else 0,MINIMUM-FREQUENCY,"{""id"": ""usrdgG7vRV8iqukqL"", ""email"": ""keegankdolan@gmail.com"", ""name"": ""Keegan Dolan""}",2025-09-26T21:43:16.000Z,"Limit ultra-processed foods to 1 serving per day or less, on at least 2 days per week",rec15XA9JXP4kxzzm,recaOSieHgikeIksD,daily_threshold_frequency_count,<=,,1,weekly_minimum_frequency,countdown,2,7,recNjyT4Wj1DIqywi,serving,recrszdeQRK91Ju5g,Daily Ultra-Processed Foods,Servings,Servings,recZBMdCzE5sRxqOQ,recZBMdCzE5sRxqOQ
recmEevwyxz1wMHkQ,binary,REC0022.2-MINIMUM-FREQUENCY,Minimum Frequency - ultra-processed foods 1 serving 5 days/week,2025-09-23T00:42:02.000Z,"{""id"": ""usrdgG7vRV8iqukqL"", ""email"": ""keegankdolan@gmail.com"", ""name"": ""Keegan Dolan""}",100 if days_meeting_threshold >= required_days else 0,MINIMUM-FREQUENCY,"{""id"": ""usrdgG7vRV8iqukqL"", ""email"": ""keegankdolan@gmail.com"", ""name"": ""Keegan Dolan""}",2025-09-26T21:43:16.000Z,"Limit ultra-processed foods to 1 serving per day or less, on at least 5 days per week",recG7gyGMLSfyNTqk,recaOSieHgikeIksD,daily_threshold_frequency_count,<=,,1,weekly_minimum_frequency,countdown,5,7,recNjyT4Wj1DIqywi,serving,recrszdeQRK91Ju5g,Daily Ultra-Processed Foods,Servings,Servings,recZBMdCzE5sRxqOQ,recZBMdCzE5sRxqOQ
recSD2rhH8qPy3AMa,minimum_frequency,REC0024.1-MINIMUM-FREQUENCY,Minimum Frequency - daily_plant_based_meal,2025-09-23T00:42:02.000Z,"{""id"": ""usrdgG7vRV8iqukqL"", ""email"": ""keegankdolan@gmail.com"", ""name"": ""Keegan Dolan""}",if (qualifying_days >= required_days) then 100 else (qualifying_days/required_days)*100,MINIMUM-FREQUENCY,"{""id"": ""usrdgG7vRV8iqukqL"", ""email"": ""keegankdolan@gmail.com"", ""name"": ""Keegan Dolan""}",2025-09-26T21:43:16.000Z,"Make at least 1 meal per day plant-based, on at least 2 days per week",recYLv4hF464Kesqm,reczkGnRKXr1kt8GO,frequency_count,>=,,1,weekly,buildup,2,7,recyPHEwuVedxPxh6,meal,recrszdeQRK91Ju5g,Daily Plant-Based Meals,Meals,Meals,rec9OxY60mezaCp2J,rec9OxY60mezaCp2J
recy82LqRwPXyQNgP,minimum_frequency,REC0024.2-MINIMUM-FREQUENCY,Minimum Frequency - daily_plant_based_meal,2025-09-23T00:42:02.000Z,"{""id"": ""usrdgG7vRV8iqukqL"", ""email"": ""keegankdolan@gmail.com"", ""name"": ""Keegan Dolan""}",if (qualifying_days >= required_days) then 100 else (qualifying_days/required_days)*100,MINIMUM-FREQUENCY,"{""id"": ""usrdgG7vRV8iqukqL"", ""email"": ""keegankdolan@gmail.com"", ""name"": ""Keegan Dolan""}",2025-09-26T21:43:16.000Z,"Make at least 1 meal per day plant-based, on at least 5 days per week",rec0adRBithZ3BNoZ,reczkGnRKXr1kt8GO,frequency_count,>=,,1,weekly,buildup,5,7,recyPHEwuVedxPxh6,meal,recrszdeQRK91Ju5g,Daily Plant-Based Meals,Meals,Meals,rec9OxY60mezaCp2J,rec9OxY60mezaCp2J
rec4fGAMESXGyZkt7,minimum_frequency,REC0024.3-MINIMUM-FREQUENCY,Minimum Frequency - daily_plant_based_meal,2025-09-23T00:42:02.000Z,"{""id"": ""usrdgG7vRV8iqukqL"", ""email"": ""keegankdolan@gmail.com"", ""name"": ""Keegan Dolan""}",if (qualifying_days >= required_days) then 100 else (qualifying_days/required_days)*100,MINIMUM-FREQUENCY,"{""id"": ""usrdgG7vRV8iqukqL"", ""email"": ""keegankdolan@gmail.com"", ""name"": ""Keegan Dolan""}",2025-09-26T21:43:16.000Z,"Make at least 2 meals per day plant-based, every day of the week",recKhWFKEYKSFcikb,reczkGnRKXr1kt8GO,frequency_count,>=,,2,weekly,buildup,7,7,recyPHEwuVedxPxh6,meal,recrszdeQRK91Ju5g,Daily Plant-Based Meals,Meals,Meals,rec9OxY60mezaCp2J,rec9OxY60mezaCp2J
rec1K7Rlezktoo7Dn,minimum_frequency,REC0029.1-MINIMUM-FREQUENCY,Minimum Frequency - hiit_sessions,2025-09-23T00:42:02.000Z,"{""id"": ""usrdgG7vRV8iqukqL"", ""email"": ""keegankdolan@gmail.com"", ""name"": ""Keegan Dolan""}",if (qualifying_days >= required_days) then 100 else 0,MINIMUM-FREQUENCY,"{""id"": ""usrdgG7vRV8iqukqL"", ""email"": ""keegankdolan@gmail.com"", ""name"": ""Keegan Dolan""}",2025-09-26T21:43:16.000Z,Complete at least 1 HIIT session per week,recakt2a8V8iqmERc,recLIzZxrjsb2vgI0,frequency_count,>=,1,1,weekly,buildup,1,7,recDYU7Wvc26S0Wd1,session,recrszdeQRK91Ju5g,HIIT Sessions,Sessions,Time of Day,recyl9Pa45s71Mrs8,recv2GuhbmM9UdNDp
recivETdV2ZSVUL7p,minimum_frequency,REC0029.2-MINIMUM-FREQUENCY,Minimum Frequency - hiit_sessions,2025-09-23T00:42:02.000Z,"{""id"": ""usrdgG7vRV8iqukqL"", ""email"": ""keegankdolan@gmail.com"", ""name"": ""Keegan Dolan""}",if (qualifying_days >= required_days) then 100 else 0,MINIMUM-FREQUENCY,"{""id"": ""usrdgG7vRV8iqukqL"", ""email"": ""keegankdolan@gmail.com"", ""name"": ""Keegan Dolan""}",2025-09-26T21:43:16.000Z,Complete at least 2 HIIT sessions per week,recaBIRD7TdktJy1h,recLIzZxrjsb2vgI0,frequency_count,>=,1,1,weekly,buildup,2,7,recDYU7Wvc26S0Wd1,session,recrszdeQRK91Ju5g,HIIT Sessions,Sessions,Time of Day,recyl9Pa45s71Mrs8,recv2GuhbmM9UdNDp
recdt7rI1OT6WxFa1,minimum_frequency,REC0029.3-MINIMUM-FREQUENCY,Minimum Frequency - hiit_sessions,2025-09-23T00:42:02.000Z,"{""id"": ""usrdgG7vRV8iqukqL"", ""email"": ""keegankdolan@gmail.com"", ""name"": ""Keegan Dolan""}",if (qualifying_days >= required_days) then 100 else 0,MINIMUM-FREQUENCY,"{""id"": ""usrdgG7vRV8iqukqL"", ""email"": ""keegankdolan@gmail.com"", ""name"": ""Keegan Dolan""}",2025-09-26T21:43:16.000Z,Complete at least 3 HIIT sessions per week,rechZVptoLoPBWnwS,recLIzZxrjsb2vgI0,frequency_count,>=,1,1,weekly,buildup,3,7,recDYU7Wvc26S0Wd1,session,recrszdeQRK91Ju5g,HIIT Sessions,Sessions,Time of Day,recyl9Pa45s71Mrs8,recv2GuhbmM9UdNDp
recdbCLNvRQ5OIllG,,REC0032.3-MINIMUM-FREQUENCY,Minimum Frequency - sedentary_time,2025-09-25T19:06:17.000Z,"{""id"": ""usrdgG7vRV8iqukqL"", ""email"": ""keegankdolan@gmail.com"", ""name"": ""Keegan Dolan""}",100 if days_meeting_threshold >= required_days else (days_meeting_threshold / required_days) * 100,MINIMUM-FREQUENCY,"{""id"": ""usrdgG7vRV8iqukqL"", ""email"": ""keegankdolan@gmail.com"", ""name"": ""Keegan Dolan""}",2025-09-26T21:43:16.000Z,"Stay on your feet: Consistently keep sedentary time below 6 hours per day, every day",recDoZl3h8rr6rPAq,recDy9h2pZ35CDOC3,daily_binary_frequency,<=,,360,daily,countdown,7,7,rec4CBUv9ozkrYKte,minutes,recrszdeQRK91Ju5g,Sedentary Time,Minutes,Time of Day,recLNmY0jLZKxr5fs,recv2GuhbmM9UdNDp
rec6cgHlAPuaNoGdI,minimum_frequency,REC0033.1-MINIMUM-FREQUENCY,Minimum Frequency - daily_mobility_sessions,2025-09-23T00:42:02.000Z,"{""id"": ""usrdgG7vRV8iqukqL"", ""email"": ""keegankdolan@gmail.com"", ""name"": ""Keegan Dolan""}",if (qualifying_days >= required_days) then 100 else 0,MINIMUM-FREQUENCY,"{""id"": ""usrdgG7vRV8iqukqL"", ""email"": ""keegankdolan@gmail.com"", ""name"": ""Keegan Dolan""}",2025-09-26T21:43:16.000Z,Get started: Complete at least 2 mobility sessions per week,rec63sNEGqWcrFhHE,rec5LsIPpAzVqoWu9,frequency_count,>=,1,1,weekly,buildup,2,7,recEgGgnWikfgJQCK,session,recrszdeQRK91Ju5g,Weekly Mobility Sessions,Sessions,Time of Day,recyl9Pa45s71Mrs8,recv2GuhbmM9UdNDp
recZzgHgGklSyEoX7,minimum_frequency,REC0033.2-MINIMUM-FREQUENCY,Minimum Frequency - daily_mobility_sessions,2025-09-23T00:42:02.000Z,"{""id"": ""usrdgG7vRV8iqukqL"", ""email"": ""keegankdolan@gmail.com"", ""name"": ""Keegan Dolan""}",if (qualifying_days >= required_days) then 100 else 0,MINIMUM-FREQUENCY,"{""id"": ""usrdgG7vRV8iqukqL"", ""email"": ""keegankdolan@gmail.com"", ""name"": ""Keegan Dolan""}",2025-09-26T21:43:16.000Z,Progress: Complete at least 4 mobility sessions per week,recfRDPRzCbSARqsV,rec5LsIPpAzVqoWu9,frequency_count,>=,1,1,weekly,buildup,4,7,recEgGgnWikfgJQCK,session,recrszdeQRK91Ju5g,Weekly Mobility Sessions,Sessions,Time of Day,recyl9Pa45s71Mrs8,recv2GuhbmM9UdNDp
recH37zGzfKGU7ZgJ,minimum_frequency,REC0033.3-MINIMUM-FREQUENCY,Minimum Frequency - daily_mobility_sessions,2025-09-23T00:42:02.000Z,"{""id"": ""usrdgG7vRV8iqukqL"", ""email"": ""keegankdolan@gmail.com"", ""name"": ""Keegan Dolan""}",if (qualifying_days >= required_days) then 100 else 0,MINIMUM-FREQUENCY,"{""id"": ""usrdgG7vRV8iqukqL"", ""email"": ""keegankdolan@gmail.com"", ""name"": ""Keegan Dolan""}",2025-09-26T21:43:16.000Z,Daily routine: Practice daily mobility (6+ sessions/week),rec4PQao4ZWMG3oOP,rec5LsIPpAzVqoWu9,frequency_count,>=,1,1,weekly,buildup,6,7,recEgGgnWikfgJQCK,session,recrszdeQRK91Ju5g,Weekly Mobility Sessions,Sessions,Time of Day,recyl9Pa45s71Mrs8,recv2GuhbmM9UdNDp
reciAYuPIbyxZ2lYY,minimum_frequency,REC0041.1-MINIMUM-FREQUENCY,Minimum Frequency - sunlight_exposure,2025-09-23T00:42:02.000Z,"{""id"": ""usrdgG7vRV8iqukqL"", ""email"": ""keegankdolan@gmail.com"", ""name"": ""Keegan Dolan""}",100 if days_meeting_threshold >= required_days else (days_meeting_threshold / required_days) * 100,MINIMUM-FREQUENCY,"{""id"": ""usrdgG7vRV8iqukqL"", ""email"": ""keegankdolan@gmail.com"", ""name"": ""Keegan Dolan""}",2025-09-26T21:43:16.000Z,Get outside for at least 5 minutes of morning light at least 5 days throughout the week,reclJ17PZ97GZYCPD,recpALziQzAAIg97v,daily_threshold_count,>=,,5,weekly,buildup,5,7,rechQ7eCuCItXpJ4p,minutes,recrszdeQRK91Ju5g,Daily Early Morning Natural Light Exposure,Minutes,Time of Day,recLNmY0jLZKxr5fs,recv2GuhbmM9UdNDp
recBXlawzmeL7MIPh,minimum_frequency,REC0042.1-MINIMUM-FREQUENCY,Minimum Frequency - last large meal 2+ hours before bed 4 days/week,2025-09-23T00:42:02.000Z,"{""id"": ""usrdgG7vRV8iqukqL"", ""email"": ""keegankdolan@gmail.com"", ""name"": ""Keegan Dolan""}",100 if days_meeting_threshold >= required_days else (days_meeting_threshold / required_days) * 100,MINIMUM-FREQUENCY,"{""id"": ""usrdgG7vRV8iqukqL"", ""email"": ""keegankdolan@gmail.com"", ""name"": ""Keegan Dolan""}",2025-09-26T21:43:16.000Z,Avoid large meals within 2 hours of bedtime at least 4 nights/week,recnZ791fIXqLHm03,rec42MxeJM9MES7ug,daily_threshold_count,>=,,2,weekly,measurement,4,7,"recTy6nZTnoUljJQs, rec3aaVy0dCKmrdxX",hours,recrszdeQRK91Ju5g,Large Meals ≤3 Hours Before Bed,Hours,"Meals, Time of Day",reckolm0WELYWYy5d,"rec9OxY60mezaCp2J, recv2GuhbmM9UdNDp"
reczcxHbAiU1A9cGQ,minimum_frequency,REC0042.2-MINIMUM-FREQUENCY,Minimum Frequency - last large meal 3+ hours before bed 5 days/week,2025-09-23T00:42:02.000Z,"{""id"": ""usrdgG7vRV8iqukqL"", ""email"": ""keegankdolan@gmail.com"", ""name"": ""Keegan Dolan""}",100 if days_meeting_threshold >= required_days else (days_meeting_threshold / required_days) * 100,MINIMUM-FREQUENCY,"{""id"": ""usrdgG7vRV8iqukqL"", ""email"": ""keegankdolan@gmail.com"", ""name"": ""Keegan Dolan""}",2025-09-26T21:43:16.000Z,Avoid large meals within 3 hours of bedtime on most nights,recqWO9TPDn91Ndv7,rec42MxeJM9MES7ug,daily_threshold_count,>=,,3,weekly,measurement,5,7,"recTy6nZTnoUljJQs, rec3aaVy0dCKmrdxX",hours,recrszdeQRK91Ju5g,Large Meals ≤3 Hours Before Bed,Hours,"Meals, Time of Day",reckolm0WELYWYy5d,"rec9OxY60mezaCp2J, recv2GuhbmM9UdNDp"
recdhR7C7JjKSf2p7,minimum_frequency,REC0042.3-MINIMUM-FREQUENCY,Minimum Frequency - last large meal 3+ hours before bed 7 days/week,2025-09-23T00:42:02.000Z,"{""id"": ""usrdgG7vRV8iqukqL"", ""email"": ""keegankdolan@gmail.com"", ""name"": ""Keegan Dolan""}",100 if days_meeting_threshold >= required_days else (days_meeting_threshold / required_days) * 100,MINIMUM-FREQUENCY,"{""id"": ""usrdgG7vRV8iqukqL"", ""email"": ""keegankdolan@gmail.com"", ""name"": ""Keegan Dolan""}",2025-09-26T21:43:16.000Z,"No large meals within 3 hours of bedtime, every night",rec1prwqTdXo8aZ90,rec42MxeJM9MES7ug,daily_threshold_count,>=,,3,weekly,measurement,7,7,"recTy6nZTnoUljJQs, rec3aaVy0dCKmrdxX",hours,recrszdeQRK91Ju5g,Large Meals ≤3 Hours Before Bed,Hours,"Meals, Time of Day",reckolm0WELYWYy5d,"rec9OxY60mezaCp2J, recv2GuhbmM9UdNDp"
rec8tHQvChqhDAxNv,minimum_frequency,REC0043.1-MINIMUM-FREQUENCY,Minimum Frequency - last meal 1+ hours before bed 4 days/week,2025-09-23T00:42:02.000Z,"{""id"": ""usrdgG7vRV8iqukqL"", ""email"": ""keegankdolan@gmail.com"", ""name"": ""Keegan Dolan""}",100 if days_meeting_threshold >= required_days else (days_meeting_threshold / required_days) * 100,MINIMUM-FREQUENCY,"{""id"": ""usrdgG7vRV8iqukqL"", ""email"": ""keegankdolan@gmail.com"", ""name"": ""Keegan Dolan""}",2025-09-26T21:43:16.000Z,Avoid food within 1 hour of bedtime at least 4 nights/week,recpBsCwff0yTQveA,recNyjVFxPUtmKTSf,daily_threshold_count,>=,,1,weekly,measurement,4,7,"recVBnB9mNNstK4qa, rectFqhMxxcMQiOEd, recTy6nZTnoUljJQs, rec3aaVy0dCKmrdxX",hours,recrszdeQRK91Ju5g,Food Intake ≤2 Hours Before Bed,Hours,"Meals, Snacks, Meals, Time of Day",reckolm0WELYWYy5d,"rec9OxY60mezaCp2J, recO4L9TssiVxosxO, rec9OxY60mezaCp2J, recv2GuhbmM9UdNDp"
recV0EXf6ENNU7on5,minimum_frequency,REC0043.2-MINIMUM-FREQUENCY,Minimum Frequency - last meal 2+ hours before bed 5 days/week,2025-09-23T00:42:02.000Z,"{""id"": ""usrdgG7vRV8iqukqL"", ""email"": ""keegankdolan@gmail.com"", ""name"": ""Keegan Dolan""}",100 if days_meeting_threshold >= required_days else (days_meeting_threshold / required_days) * 100,MINIMUM-FREQUENCY,"{""id"": ""usrdgG7vRV8iqukqL"", ""email"": ""keegankdolan@gmail.com"", ""name"": ""Keegan Dolan""}",2025-09-26T21:43:16.000Z,Avoid food within 2 hours of bedtime on most nights,recdAabh2l7B8IPtJ,recNyjVFxPUtmKTSf,daily_threshold_count,>=,,2,weekly,measurement,5,7,"recVBnB9mNNstK4qa, rectFqhMxxcMQiOEd, recTy6nZTnoUljJQs, rec3aaVy0dCKmrdxX",hours,recrszdeQRK91Ju5g,Food Intake ≤2 Hours Before Bed,Hours,"Meals, Snacks, Meals, Time of Day",reckolm0WELYWYy5d,"rec9OxY60mezaCp2J, recO4L9TssiVxosxO, rec9OxY60mezaCp2J, recv2GuhbmM9UdNDp"
receJx5zPurbEpftQ,minimum_frequency,REC0043.3-MINIMUM-FREQUENCY,Minimum Frequency - last meal 2+ hours before bed 7 days/week,2025-09-23T00:42:02.000Z,"{""id"": ""usrdgG7vRV8iqukqL"", ""email"": ""keegankdolan@gmail.com"", ""name"": ""Keegan Dolan""}",100 if days_meeting_threshold >= required_days else (days_meeting_threshold / required_days) * 100,MINIMUM-FREQUENCY,"{""id"": ""usrdgG7vRV8iqukqL"", ""email"": ""keegankdolan@gmail.com"", ""name"": ""Keegan Dolan""}",2025-09-26T21:43:16.000Z,"No food intake within 2 hours of bedtime, every night",rechVDcaVZ02vC9bc,recNyjVFxPUtmKTSf,daily_threshold_count,>=,,2,weekly,measurement,7,7,"recVBnB9mNNstK4qa, rectFqhMxxcMQiOEd, recTy6nZTnoUljJQs, rec3aaVy0dCKmrdxX",hours,recrszdeQRK91Ju5g,Food Intake ≤2 Hours Before Bed,Hours,"Meals, Snacks, Meals, Time of Day",reckolm0WELYWYy5d,"rec9OxY60mezaCp2J, recO4L9TssiVxosxO, rec9OxY60mezaCp2J, recv2GuhbmM9UdNDp"
recK9TwkkwAfV2U2V,minimum_frequency,REC0044.1-MINIMUM-FREQUENCY,Minimum Frequency - last alcoholic drink 2+ hours before bed 4 days/week,2025-09-23T00:42:02.000Z,"{""id"": ""usrdgG7vRV8iqukqL"", ""email"": ""keegankdolan@gmail.com"", ""name"": ""Keegan Dolan""}",100 if days_meeting_threshold >= required_days else (days_meeting_threshold / required_days) * 100,MINIMUM-FREQUENCY,"{""id"": ""usrdgG7vRV8iqukqL"", ""email"": ""keegankdolan@gmail.com"", ""name"": ""Keegan Dolan""}",2025-09-26T21:43:16.000Z,No alcohol within 2 hours of bedtime on at least 4 nights/week,recXvD9KYYCePeULN,rec3QVJMUpMyOeFPK,daily_threshold_count,>=,,2,weekly,measurement,4,7,"rec4smaQXx1XCrH1O, rec3aaVy0dCKmrdxX",hours,recrszdeQRK91Ju5g,Alcohol Intake ≤3-4 Hours Before Bed,Hours,"Drinks, Time of Day",reckolm0WELYWYy5d,"rec5jWyoBqRHumiGH, recv2GuhbmM9UdNDp"
recGrTXZyblf4izHZ,minimum_frequency,REC0044.2-MINIMUM-FREQUENCY,Minimum Frequency - last alcoholic drink 3+ hours before bed 5 days/week,2025-09-23T00:42:02.000Z,"{""id"": ""usrdgG7vRV8iqukqL"", ""email"": ""keegankdolan@gmail.com"", ""name"": ""Keegan Dolan""}",100 if days_meeting_threshold >= required_days else (days_meeting_threshold / required_days) * 100,MINIMUM-FREQUENCY,"{""id"": ""usrdgG7vRV8iqukqL"", ""email"": ""keegankdolan@gmail.com"", ""name"": ""Keegan Dolan""}",2025-09-26T21:43:16.000Z,No alcohol within 3 hours of bedtime on most nights,recpkzPD3eJMBPyWE,rec3QVJMUpMyOeFPK,daily_threshold_count,>=,,3,weekly,measurement,5,7,"rec4smaQXx1XCrH1O, rec3aaVy0dCKmrdxX",hours,recrszdeQRK91Ju5g,Alcohol Intake ≤3-4 Hours Before Bed,Hours,"Drinks, Time of Day",reckolm0WELYWYy5d,"rec5jWyoBqRHumiGH, recv2GuhbmM9UdNDp"
recQeP4vbmigXYEom,minimum_frequency,REC0044.3-MINIMUM-FREQUENCY,Minimum Frequency - last alcoholic drink 4+ hours before bed 7 days/week,2025-09-23T00:42:02.000Z,"{""id"": ""usrdgG7vRV8iqukqL"", ""email"": ""keegankdolan@gmail.com"", ""name"": ""Keegan Dolan""}",100 if days_meeting_threshold >= required_days else (days_meeting_threshold / required_days) * 100,MINIMUM-FREQUENCY,"{""id"": ""usrdgG7vRV8iqukqL"", ""email"": ""keegankdolan@gmail.com"", ""name"": ""Keegan Dolan""}",2025-09-26T21:43:16.000Z,"No alcohol within 4 hours of bedtime, every night",recgaTjsxwTS9pr1v,rec3QVJMUpMyOeFPK,daily_threshold_count,>=,,4,weekly,measurement,7,7,"rec4smaQXx1XCrH1O, rec3aaVy0dCKmrdxX",hours,recrszdeQRK91Ju5g,Alcohol Intake ≤3-4 Hours Before Bed,Hours,"Drinks, Time of Day",reckolm0WELYWYy5d,"rec5jWyoBqRHumiGH, recv2GuhbmM9UdNDp"
recIq253dysCznjsw,minimum_frequency,REC0045.1-MINIMUM-FREQUENCY,Minimum Frequency - screen_time_buffer 30+ minutes before bed 4 nights/week,2025-09-23T00:42:02.000Z,"{""id"": ""usrdgG7vRV8iqukqL"", ""email"": ""keegankdolan@gmail.com"", ""name"": ""Keegan Dolan""}",100 if days_meeting_threshold >= required_days else (days_meeting_threshold / required_days) * 100,MINIMUM-FREQUENCY,"{""id"": ""usrdgG7vRV8iqukqL"", ""email"": ""keegankdolan@gmail.com"", ""name"": ""Keegan Dolan""}",2025-09-26T21:43:16.000Z,"Avoid screens within 30 minutes of bedtime, 4+ nights/week",recPCJnEqpgjIkqwA,recB53h7qRC5EuLn1,daily_threshold_count,>=,,0.5,weekly,measurement,4,7,"recUOTXVAtvUptmG9, rec3aaVy0dCKmrdxX",hours,recrszdeQRK91Ju5g,Digital Device Time ≤2 Hours Before Bed,Hours,"Time of Day, Time of Day",reckolm0WELYWYy5d,"recv2GuhbmM9UdNDp, recv2GuhbmM9UdNDp"
recrbelP1H2NF0mHr,minimum_frequency,REC0045.2-MINIMUM-FREQUENCY,Minimum Frequency - screen_time_buffer 60+ minutes before bed 5 nights/week,2025-09-23T00:42:02.000Z,"{""id"": ""usrdgG7vRV8iqukqL"", ""email"": ""keegankdolan@gmail.com"", ""name"": ""Keegan Dolan""}",100 if days_meeting_threshold >= required_days else (days_meeting_threshold / required_days) * 100,MINIMUM-FREQUENCY,"{""id"": ""usrdgG7vRV8iqukqL"", ""email"": ""keegankdolan@gmail.com"", ""name"": ""Keegan Dolan""}",2025-09-26T21:43:16.000Z,No screens within 60 of bedtime on most nights,recNLbFGnZ2P0sJDp,recB53h7qRC5EuLn1,daily_threshold_count,>=,,1,weekly,measurement,5,7,"recUOTXVAtvUptmG9, rec3aaVy0dCKmrdxX",hours,recrszdeQRK91Ju5g,Digital Device Time ≤2 Hours Before Bed,Hours,"Time of Day, Time of Day",reckolm0WELYWYy5d,"recv2GuhbmM9UdNDp, recv2GuhbmM9UdNDp"
recmMj52N2pBuyLba,minimum_frequency,REC0045.3-MINIMUM-FREQUENCY,Minimum Frequency - screen time buffer 75+ minutes before bed 7 days/week,2025-09-23T00:42:02.000Z,"{""id"": ""usrdgG7vRV8iqukqL"", ""email"": ""keegankdolan@gmail.com"", ""name"": ""Keegan Dolan""}",100 if days_meeting_threshold >= required_days else (days_meeting_threshold / required_days) * 100,MINIMUM-FREQUENCY,"{""id"": ""usrdgG7vRV8iqukqL"", ""email"": ""keegankdolan@gmail.com"", ""name"": ""Keegan Dolan""}",2025-09-26T21:43:16.000Z,"No digital device time within 75 minutes of bedtime, every night",recsDm4SzlIhcMkly,recB53h7qRC5EuLn1,daily_threshold_count,>=,,1.25,weekly,measurement,7,7,"recUOTXVAtvUptmG9, rec3aaVy0dCKmrdxX",hours,recrszdeQRK91Ju5g,Digital Device Time ≤2 Hours Before Bed,Hours,"Time of Day, Time of Day",reckolm0WELYWYy5d,"recv2GuhbmM9UdNDp, recv2GuhbmM9UdNDp"
recmgTB6SCx1dF2YF,minimum_frequency,REC0046.1-MINIMUM-FREQUENCY,Minimum Frequency - breathwork/mindfulness 2 minutes daily,2025-09-23T00:42:02.000Z,"{""id"": ""usrdgG7vRV8iqukqL"", ""email"": ""keegankdolan@gmail.com"", ""name"": ""Keegan Dolan""}",100 if days_meeting_threshold >= required_days else (days_meeting_threshold / required_days) * 100,MINIMUM-FREQUENCY,"{""id"": ""usrdgG7vRV8iqukqL"", ""email"": ""keegankdolan@gmail.com"", ""name"": ""Keegan Dolan""}",2025-09-26T21:43:16.000Z,Incorporate a breathwork or mindfulness break at least twice a day,recuVMGDiTtrJA4W4,recbdcutqxUL17ZNO,daily_threshold_count,>=,,2,weekly,buildup,7,7,"reca1fQDUUol94cWp, recL5EEu0YpmuBMqz",session,recrszdeQRK91Ju5g,Breathwork or Mindfulness Sessions,Sessions,"Time of Day, Time of Day",recyl9Pa45s71Mrs8,"recv2GuhbmM9UdNDp, recv2GuhbmM9UdNDp"
reci1LPa7fRT3Bvf4,minimum_frequency,REC0046.2-MINIMUM-FREQUENCY,Minimum Frequency - breathwork/mindfulness 6 minutes daily,2025-09-23T00:42:02.000Z,"{""id"": ""usrdgG7vRV8iqukqL"", ""email"": ""keegankdolan@gmail.com"", ""name"": ""Keegan Dolan""}",100 if days_meeting_threshold >= required_days else (days_meeting_threshold / required_days) * 100,MINIMUM-FREQUENCY,"{""id"": ""usrdgG7vRV8iqukqL"", ""email"": ""keegankdolan@gmail.com"", ""name"": ""Keegan Dolan""}",2025-09-26T21:43:16.000Z,Incorporate a breathwork or mindfulness break three or more times a day,recYp9DNemHWdstRl,recbdcutqxUL17ZNO,daily_threshold_count,>=,,3,weekly,buildup,7,7,"reca1fQDUUol94cWp, recL5EEu0YpmuBMqz",session,recrszdeQRK91Ju5g,Breathwork or Mindfulness Sessions,Sessions,"Time of Day, Time of Day",recyl9Pa45s71Mrs8,"recv2GuhbmM9UdNDp, recv2GuhbmM9UdNDp"
recilLzCx2pUzVRqE,minimum_frequency,REC0048.1-MINIMUM-FREQUENCY,Minimum Frequency - gratitude_practice_session,2025-09-23T00:42:02.000Z,"{""id"": ""usrdgG7vRV8iqukqL"", ""email"": ""keegankdolan@gmail.com"", ""name"": ""Keegan Dolan""}",100 if days_meeting_threshold >= required_days else (days_meeting_threshold / required_days) * 100,MINIMUM-FREQUENCY,"{""id"": ""usrdgG7vRV8iqukqL"", ""email"": ""keegankdolan@gmail.com"", ""name"": ""Keegan Dolan""}",2025-09-26T21:43:16.000Z,Practice gratitude once per week,rec7W9yNVBVDaRwSp,rechmJ5K3Pct0tmY3,daily_threshold_count,>=,2,1,weekly,buildup,1,7,receeP0kOhiz4Qum7,session,recrszdeQRK91Ju5g,Gratitude Practice,Sessions,Time of Day,recyl9Pa45s71Mrs8,recv2GuhbmM9UdNDp
recSg2n66AA8uKEZP,minimum_frequency,REC0048.2-MINIMUM-FREQUENCY,Minimum Frequency - gratitude_practice_session,2025-09-23T00:42:02.000Z,"{""id"": ""usrdgG7vRV8iqukqL"", ""email"": ""keegankdolan@gmail.com"", ""name"": ""Keegan Dolan""}",100 if days_meeting_threshold >= required_days else (days_meeting_threshold / required_days) * 100,MINIMUM-FREQUENCY,"{""id"": ""usrdgG7vRV8iqukqL"", ""email"": ""keegankdolan@gmail.com"", ""name"": ""Keegan Dolan""}",2025-09-26T21:43:16.000Z,Practice gratitude three times per week,recmU1igrfrduM8Bd,rechmJ5K3Pct0tmY3,daily_threshold_count,>=,2,1,weekly,buildup,3,7,receeP0kOhiz4Qum7,session,recrszdeQRK91Ju5g,Gratitude Practice,Sessions,Time of Day,recyl9Pa45s71Mrs8,recv2GuhbmM9UdNDp
recxOFfSCPnAqDdUw,minimum_frequency,REC0049.1-MINIMUM-FREQUENCY,Minimum Frequency - journaling_session,2025-09-23T00:42:02.000Z,"{""id"": ""usrdgG7vRV8iqukqL"", ""email"": ""keegankdolan@gmail.com"", ""name"": ""Keegan Dolan""}",100 if days_meeting_threshold >= required_days else (days_meeting_threshold / required_days) * 100,MINIMUM-FREQUENCY,"{""id"": ""usrdgG7vRV8iqukqL"", ""email"": ""keegankdolan@gmail.com"", ""name"": ""Keegan Dolan""}",2025-09-26T21:43:16.000Z,Journal or reflect once per week,recoYihYYsfSxSJQ1,recj8VoWO3dBMxgrj,daily_threshold_count,>=,2,1,weekly,buildup,1,7,recWIiIAkGDuUmpN2,session,recrszdeQRK91Ju5g,Journaling or Reflection Sessions,Sessions,Time of Day,recyl9Pa45s71Mrs8,recv2GuhbmM9UdNDp
recdjxCEXWTkLAO6X,minimum_frequency,REC0049.2-MINIMUM-FREQUENCY,Minimum Frequency - journaling_session,2025-09-23T00:42:02.000Z,"{""id"": ""usrdgG7vRV8iqukqL"", ""email"": ""keegankdolan@gmail.com"", ""name"": ""Keegan Dolan""}",100 if days_meeting_threshold >= required_days else (days_meeting_threshold / required_days) * 100,MINIMUM-FREQUENCY,"{""id"": ""usrdgG7vRV8iqukqL"", ""email"": ""keegankdolan@gmail.com"", ""name"": ""Keegan Dolan""}",2025-09-26T21:43:16.000Z,Journal or reflect three times per week,recHKpCZQGQFtBAmW,recj8VoWO3dBMxgrj,daily_threshold_count,>=,2,1,weekly,buildup,3,7,recWIiIAkGDuUmpN2,session,recrszdeQRK91Ju5g,Journaling or Reflection Sessions,Sessions,Time of Day,recyl9Pa45s71Mrs8,recv2GuhbmM9UdNDp
reca2HFu4iCmrB7TP,minimum_frequency,REC0053.1-MINIMUM-FREQUENCY,Minimum Frequency - brain_training_session,2025-09-23T00:42:02.000Z,"{""id"": ""usrdgG7vRV8iqukqL"", ""email"": ""keegankdolan@gmail.com"", ""name"": ""Keegan Dolan""}",100 if days_meeting_threshold >= required_days else (days_meeting_threshold / required_days) * 100,MINIMUM-FREQUENCY,"{""id"": ""usrdgG7vRV8iqukqL"", ""email"": ""keegankdolan@gmail.com"", ""name"": ""Keegan Dolan""}",2025-09-26T21:43:16.000Z,"Engage in brain training for 10 minutes, 2x per week",rec7LUpuS502Wf0uG,recJScF9tScoW22bq,daily_threshold_count,>=,,10,weekly,buildup,2,7,recX6EJNI7krSqycg,minutes,recrszdeQRK91Ju5g,Brain Training Activity (minutes),Minutes,Time of Day,recLNmY0jLZKxr5fs,recv2GuhbmM9UdNDp
recBkVyvcwsThKiwI,minimum_frequency,REC0053.2-MINIMUM-FREQUENCY,Minimum Frequency - brain_training_session,2025-09-23T00:42:02.000Z,"{""id"": ""usrdgG7vRV8iqukqL"", ""email"": ""keegankdolan@gmail.com"", ""name"": ""Keegan Dolan""}",100 if days_meeting_threshold >= required_days else (days_meeting_threshold / required_days) * 100,MINIMUM-FREQUENCY,"{""id"": ""usrdgG7vRV8iqukqL"", ""email"": ""keegankdolan@gmail.com"", ""name"": ""Keegan Dolan""}",2025-09-26T21:43:16.000Z,"Engage in brain training for 15 minutes, 3x per week",recyaGGtG0W9sPOW4,recJScF9tScoW22bq,daily_threshold_count,>=,,15,weekly,buildup,3,7,recX6EJNI7krSqycg,minutes,recrszdeQRK91Ju5g,Brain Training Activity (minutes),Minutes,Time of Day,recLNmY0jLZKxr5fs,recv2GuhbmM9UdNDp
recaVKXVzZvoNnoPd,minimum_frequency,REC0053.3-MINIMUM-FREQUENCY,Minimum Frequency - brain_training_session,2025-09-23T00:42:02.000Z,"{""id"": ""usrdgG7vRV8iqukqL"", ""email"": ""keegankdolan@gmail.com"", ""name"": ""Keegan Dolan""}",100 if days_meeting_threshold >= required_days else (days_meeting_threshold / required_days) * 100,MINIMUM-FREQUENCY,"{""id"": ""usrdgG7vRV8iqukqL"", ""email"": ""keegankdolan@gmail.com"", ""name"": ""Keegan Dolan""}",2025-09-26T21:43:16.000Z,"Engage in brain training for 20 minutes, 5x per week",recapRJIioF9TBIAO,recJScF9tScoW22bq,daily_threshold_count,>=,,20,weekly,buildup,5,7,recX6EJNI7krSqycg,minutes,recrszdeQRK91Ju5g,Brain Training Activity (minutes),Minutes,Time of Day,recLNmY0jLZKxr5fs,recv2GuhbmM9UdNDp
recYXZHH0xYgBTY79,minimum_frequency,REC0055.3-MINIMUM-FREQUENCY,Minimum Frequency - 0 cigarettes 7 days/week,2025-09-23T00:42:02.000Z,"{""id"": ""usrdgG7vRV8iqukqL"", ""email"": ""keegankdolan@gmail.com"", ""name"": ""Keegan Dolan""}",100 if days_meeting_threshold >= required_days else (days_meeting_threshold / required_days) * 100,MINIMUM-FREQUENCY,"{""id"": ""usrdgG7vRV8iqukqL"", ""email"": ""keegankdolan@gmail.com"", ""name"": ""Keegan Dolan""}",2025-09-26T21:43:16.000Z,Eliminate cigarette use,recvouEkGdR39WyBa,recIZ9IzAUXgEJxuH,daily_threshold_count,<=,,0,weekly,countdown,7,7,recUTSKv6IP9fqdfC,cigarette,recrszdeQRK91Ju5g,Daily Smoking (cigarettes),Cigarettes,Cigarettes,reckO2BTrvThzTRv1,reckO2BTrvThzTRv1
recOe4Jm1hSuLHXLd,minimum_frequency,REC0057.1-MINIMUM-FREQUENCY,Minimum Frequency - flossing_session,2025-09-23T00:42:02.000Z,"{""id"": ""usrdgG7vRV8iqukqL"", ""email"": ""keegankdolan@gmail.com"", ""name"": ""Keegan Dolan""}",100 if days_meeting_threshold >= required_days else (days_meeting_threshold / required_days) * 100,MINIMUM-FREQUENCY,"{""id"": ""usrdgG7vRV8iqukqL"", ""email"": ""keegankdolan@gmail.com"", ""name"": ""Keegan Dolan""}",2025-09-26T21:43:16.000Z,Floss at least 3 times per week,rec6pxtTl0aPACDw4,recwulTnKjWrQ77yc,daily_threshold_count,>=,2,1,weekly,buildup,3,7,recFhW0g2inNLpoOp,session,recrszdeQRK91Ju5g,Daily Flossing,Sessions,Sessions,recyl9Pa45s71Mrs8,recyl9Pa45s71Mrs8
recon0B7jBrzBfxUN,minimum_frequency,REC0057.2-MINIMUM-FREQUENCY,Minimum Frequency - flossing_session,2025-09-23T00:42:02.000Z,"{""id"": ""usrdgG7vRV8iqukqL"", ""email"": ""keegankdolan@gmail.com"", ""name"": ""Keegan Dolan""}",100 if days_meeting_threshold >= required_days else (days_meeting_threshold / required_days) * 100,MINIMUM-FREQUENCY,"{""id"": ""usrdgG7vRV8iqukqL"", ""email"": ""keegankdolan@gmail.com"", ""name"": ""Keegan Dolan""}",2025-09-26T21:43:16.000Z,Floss on at least 5 days per week,recuFfEO3OqV7oopW,recwulTnKjWrQ77yc,daily_threshold_count,>=,2,1,weekly,buildup,5,7,recFhW0g2inNLpoOp,session,recrszdeQRK91Ju5g,Daily Flossing,Sessions,Sessions,recyl9Pa45s71Mrs8,recyl9Pa45s71Mrs8
recrdDVMc5Nf1YGrB,minimum_frequency,REC0058.1-MINIMUM-FREQUENCY,Minimum Frequency - skincare_routine,2025-09-23T00:42:02.000Z,"{""id"": ""usrdgG7vRV8iqukqL"", ""email"": ""keegankdolan@gmail.com"", ""name"": ""Keegan Dolan""}",100 if days_meeting_threshold >= required_days else (days_meeting_threshold / required_days) * 100,MINIMUM-FREQUENCY,"{""id"": ""usrdgG7vRV8iqukqL"", ""email"": ""keegankdolan@gmail.com"", ""name"": ""Keegan Dolan""}",2025-09-26T21:43:16.000Z,Follow a skincare routine 3 days/week,reciCnypQrQelh4Ii,,daily_threshold_count,>=,,1,weekly,buildup,3,7,reccv2WcQ83SbPXVg,session,recrszdeQRK91Ju5g,Daily Skincare Routine,,Sessions,,recyl9Pa45s71Mrs8
recYxKkcHqFvQ2RJZ,minimum_frequency,REC0058.2-MINIMUM-FREQUENCY,Minimum Frequency - skincare_routine,2025-09-23T00:42:02.000Z,"{""id"": ""usrdgG7vRV8iqukqL"", ""email"": ""keegankdolan@gmail.com"", ""name"": ""Keegan Dolan""}",100 if days_meeting_threshold >= required_days else (days_meeting_threshold / required_days) * 100,MINIMUM-FREQUENCY,"{""id"": ""usrdgG7vRV8iqukqL"", ""email"": ""keegankdolan@gmail.com"", ""name"": ""Keegan Dolan""}",2025-09-26T21:43:16.000Z,Maintain a skincare routine 5 days/week,recVGeUFGgWmPOwdL,,daily_threshold_count,>=,,1,weekly,buildup,5,7,reccv2WcQ83SbPXVg,session,recrszdeQRK91Ju5g,Daily Skincare Routine,,Sessions,,recyl9Pa45s71Mrs8
