record_id,base_unit_identifier,calculated_metrics,conversion_factor,created,created_by,healthkit_unit,identifier,intake_markers,last_modified_by,last_modified_time,metrics_time_field_entry_units,metrics_using_unit,symbol,therapautics_matrix copy,ui_display,unit_type
recBTPaVHpnpAdgBV,,rec9KRoI8TVBXgf5V,,2025-09-09T16:32:39.000Z,"{""id"": ""usrdgG7vRV8iqukqL"", ""email"": ""keegankdolan@gmail.com"", ""name"": ""Keegan Dolan""}",HKUnit.gram().unitDivided(by: HKUnit.kilogram()),grams_per_kg,,"{""id"": ""usrdgG7vRV8iqukqL"", ""email"": ""keegankdolan@gmail.com"", ""name"": ""Keegan Dolan""}",2025-09-14T17:06:28.000Z,,,g/kg,,g/kg,mass
recBuF3n8IQ2v0Io8,,"recYePlQNAddUXuqD, rec3IuWLP2JxVDMvc, reckOw3VbzkNuvzAH, recF1PLK58NqkBCbH, recvAUAjSDhDk73mC, recKgEKAeyOiOmNqZ, recC6Eldv9OLdivqf, rec5EZ5sgEZ5e4atX, recGGQXQS9u5pAgx6, recz8L7YrcOqeeifp",,2025-09-08T19:26:03.000Z,"{""id"": ""usrdgG7vRV8iqukqL"", ""email"": ""keegankdolan@gmail.com"", ""name"": ""Keegan Dolan""}",HKUnit.gram(),gram,,"{""id"": ""usrdgG7vRV8iqukqL"", ""email"": ""keegankdolan@gmail.com"", ""name"": ""Keegan Dolan""}",2025-10-09T20:38:27.000Z,,"rec9VOCYi7lD6QRU8, recdH5PDRI9HZlWNF, recFlBDZAW3xbNpPG, rec92qNjhMWzybyB9, recj5SU6yC4WLBPsy, reca2k4jZkIFzokj8, rec6tUE4Ht7ivYWW4, recB0N9gXMJvjBuf0, recBotbLQNNXK9i4A, reca0Y3wSwV8pJd1C, recbIerJFM9gsvmpU, recazGXaK6K2S2sVu, rec5nE0V1s7l7OHPx, recRs5IzM2ApHJYv0, rec3iTwivChwy7qTS",g,"rec70sd7Ac5gw2ab6, recIxb2g2Bt22ey8n, recRpPGdQJfBdzEJF, recpEJqsYV8mndsX2, recrJMUbyDMwVrdAI, recdJhA5yKsiLtR6O, recndoooyglQx4y9P, recyQvtjyo86gveer, recf4sifYvn5Tdz9B, rec9ak6whD6tgx7EK",Grams,mass
recBxCQOAdMmOV1Hi,gram,rec5IeICLAinb5el7,0.001,2025-09-08T19:26:08.000Z,"{""id"": ""usrdgG7vRV8iqukqL"", ""email"": ""keegankdolan@gmail.com"", ""name"": ""Keegan Dolan""}",HKUnit.gramUnit(with: .milli),milligram,,"{""id"": ""usrdgG7vRV8iqukqL"", ""email"": ""keegankdolan@gmail.com"", ""name"": ""Keegan Dolan""}",2025-09-27T17:28:40.000Z,,"rec33hAbT2CCCkxB4, recJnV48zReiLbg8A, rece9ryJ5XZU3SOoG, recbJtMU9vkPxJQPt, recet20Hz7MRvKrnX, reccJFLbgvua3oPuH, recPJ7UHt3bhhGOLd, recEoaPcs3PtwZp4f, recxpJLGC2zA9qayR, recvNRPTlljTNKUM0, rec5v7aQstJoHvfR5, rec4hVar4q19KHy2M, recBTXaE1gq7kgUx5, reciZq0r6l3FkWboG, recRSToDEGkn2mQLO, recNwinUlf4CV7O2W, recW9arwmvO30b1Nd, rech0Uce0czmYkICn, recTYlpJwpFuh5uKY, rec49U7ZBMQyCcOXu, recHA0f2pG71FMtAH, rec9AostBgrZxi3i0, recfuIX6ONYn8wiIH, recZk44R2czkRhCCY, recyze5tnWpVZIddy, recuRM5ZKlUBTcMs1, recf32LxkO3IcZNAg, rec4YEGZN1jySu85K, recXbc15Mc8XLDSTj, recikczqii1W9j8SO, recBMrcIxDDaUO8tu, rec6UbHMykVPWUVWs, recJgvnHIeSAx1nyv, recoeUskeCO0oXyrc, recsyA4Zf02hEaW7i, rec5WlVacpuH06WUF, rec9xOkiMfCTb54lQ, rec0jpovbe7N6O6jx, recxDFZOBJkB5f7Fy, recH9Vr4dyZ50QREc, recU5uMCbySpWBj3u, recd7WvpEHIz8dmz9, recrAQuugfjCaqi9Y, rec4lZoqVESbkW0LS, recwL0WUhiszMjbkV, recYuDSO2vChsOLBm, rec4xdAS9loI8SijH, recRsrNBBlKKuFWTl, recLWaZiB8serug7E, recQPlQDK0cehPB6l, recAvcj8V3itbOrxJ, recByBuEd77du86Hh, receOfjnkChXF7Thw, recFOWxveVB9ZQPrR, recO7O0ilfvE1mPP2, rec3IjlyDZOAJYkS9, rec5oSmtcF9EMdku2, recUTDWefJvHfCg2t, recPelrOkpKdOSYkL, reclNnbxiZ3SZhH5h, recKup33EsUPfaew1, recFJGanjQm1vlz5q, recjEaa8twya7jVMs, recWNZjUV4Wjp5zyb, recP6jnzkxQdtHgi5, recNDSlUUiDf3HwbV, recJKP1SjhWodVgoH",mg,"recgOhYbPnAWgStgv, reckETF5u6O9mry3L, recCgJSKzhLgj15gU, recL4lAWRj5wUp5IR, receN7JaeSlwKVojI, rechiC0sftgmzSTyD, recEmLWEkvEdf9jt6, rec0c2PPz0pcZocRm, recA2z7KPT9LVQVQv, recpKTKsnCzTM8OHr, recW8eoiiOpM0PwJ7, recfcEpB9HeiAaTmR, recIyuJ59M3dmzz2m, recWJJi1sjsdwyYL8, recZDoACtBHOhNjyS, recTULxGAG8iIXN8t, recNIce5Dd6gMd1Gj, recQHvehcpqzOPO6r, recQAXH8yH8qixaIE, recq3J4Ps8fMpkwII, recmDsgoUwQ7BfmiF, recexQanBHm8Pnf3e, recpDB5ecJ00WKTZW, recNlSRkXLfwq2IDp, recGVkHpd317rez70, recKppKaieMXHdHtT, rec2F3CbADWEuukbn, rec5IHG8JPx3cukaf, recKY3IY1AMFEiqzo, recyjeOoGSOtTV5DA, recJCh7hB4O9XeECD, recPwH0tLzPqgthYz, recOOLSeSVblpHOK0, recRCaqeqcfeiHKr5, recZ6ewDohnArCowv, recd6TiMhFYv18aOI, rec0AvsGhSkxlnHX8, recRNsV0KejSmRxu6, recILFpdj3T0mvYoW, recPtDU3TbILj67hk, recAASVyuR1MwNfa2, recYTN8b1Xtoea2zj, recWERlvL5S1ngEt8, recGOF4RrolkUD8fp, recU4gETv7PhaIahl, recyxuZLsrkXWMvzR, rec5tCyQlFe6acsRf, recgnzq73RjPFEmQL, recxNtWjwRpIlIFgh, recHqvt2yu05ESjzC, recMen2mZlihBo9bY, recpj0u9FRtBln1Tn, recMBNA1XhcrdUTDp, recyIixE2UOSbrRz2, rec5HX7js7FFz4tv0, rec1fTtP3L6AosDpo, rec0McPfj8yGA5Fbt, recaR9XfOmO1yrFTD, recWKHZTWd7kfYvI0, recvYjcSzwtp7b5tP, reccbQiIRg22mVzUX, recVtLiSbvFQwptqT, recDl9UZpfuYhQoPG, recVnIYID93w1t90O, recZtIzsH80Uu8QtC, recttMnjnurajM337, recY8ry5Tec9GvyRe, recDZAkZqy1LAw9tN, recWaAvIhhlMX5glQ, rec3vSTKQhjBHx0jt, recSSdr6v2tFWK418, recFUPRSWwXiqwjbp, recUgx4cMDyr38rpY, recMgTkJf2Sf594PG, recNq1oakb6SH8DIP, recdaRyiQpmXmIWWO, recdMfsoWpQqE05ZT, rec5IFVsUufTtY6ih, rec93DdXdepkea14Q, recXHyDB13wRRncug",Milligrams,mass
recDJU7aNl5DcFbwD,,,,2025-09-08T21:07:37.000Z,"{""id"": ""usrdgG7vRV8iqukqL"", ""email"": ""keegankdolan@gmail.com"", ""name"": ""Keegan Dolan""}",HKUnit.milligramUnit(with: .none).unitDivided(by: HKUnit.literUnit(with: .deci)),milligrams_per_deciliter,"recWBj4nFbMMx6sfu, recUlhEzQRqPXFFKd, rec8dLnK1QihQIKsk, rec2CudLKiRKP0HsE, recXrmJurVSoWKgZw, recYoVY3DxvxLp63J, recDnLb3CM0Lrx7Jq, recgXRpp5Nl17dYfn, recvdl6qhK5ggXsr7, recAHKZvEn3FoIsAg, recTEpgFWh8WljKql, recBYIxWHdjQmcvMW, reckKS418jd7kEFqJ, recr6bhmoI18YsjqR, recWeCxmKkGM3Ql6v, recBYu7VJutIOrdp3, recF3aDPYAQR3hu1j, recnSZdI0hBcJndQy, recmzTwC0jivy12tN, rec43hAP1YjtqtxdP, recqlpQJBhG7bPGhi, reclnm9WiI4o0Skkh, rec6cCE1nFrvtNMvw, recq1AG2X7AuLwukc, recFcpR8v39s19RvO, recsFmku1mR7DofOO, recP3CDMiP81qWi0F, recHqvdV4yVPJwUpY, recTHyMtKUApQHB3V, recY1zytiC9aRHDy0, recgoOOY8CaSb2ywi, recATU0MEePgXaIjT, recTTlt8aqBPP1a2v, rec4xUJRQ5k4ypY81, recw0S1pREO0pTjsB, recfeJFEGsbIxx5hT, rectML4uPl087chyQ, recRhcmAv8FT2OUpW, reccUBJiIMxmfDyb4, recAsuqRqkj8CJdEx, recDZuVzekAlyQupS, recFCuPD3hCqiiyH8, recCCBmSuAlMWkaRl, recy7LjkUmOcV6lF5, rec3ldjeGrRInZ8B2, recsV04gn5cnYZasP, reczcyb4lGlkcfdAD, recnlrAq8p0hp5HEW, recOylpsLTj3AMC66, recpr17Z6NbZrfDJM, recKcmI74kqFRbsJj, recaBZzJ8pQdbqeiA, recBa0PECMdCFYrcc, receOKnWyWG9z28zx, recC5JPEHmysI4bCS, rec3SyTT1I33iZlwa, reckyXDzxzyUv6EV3, recZpTzWWNa5pkmTn, recifzBQBGmQQwI1a, recDb8w1z8Kk565YA, recSsE3OmlOWdaqcg, recXOFDVuaUkt6Mjm, recNLo0iMgqZZufP9, recWU5Ts22nHzi0CM, recua6PsdZu8bSjfy, recmTaANiphoboyHm, recNk4BhKmZr3CA4G, rec1s4PDf1GGnt6zO, rece2Rsc6wKezwB2o, recSqoCu6bTUEWJC3, rechvnSCqzqvt4hN1, recauI8MxOTO753B9, rec4YzujsBrqPi4yk, recus4CXlYCdll4jI, rec8CfBXfAaom1jos, recnqcWnfDwF80fNE, rec1KfdFF8OukEz78, recLm1aohA5XSZsJX, recHTXoTF8XDVZeVG, recmWO5tjHjzXKcgt, recFvIUV5KftJLKqD, recmQUJtJUtTrvb7I, rec0F2qrEKhpq57y3, recRhI1OuLQvu9VDE, recBcOzLwcEWENiXG, recunjyerdy4j3i6k, recONnUflTW7VoJsq, recooyhkax7S7Gc8Z, rec7wLNIlKCqcJnog, reckG9QlWnuMsdOwv, rec1aNUvvo7pfDIrj, recSP0RRWdwTmKkR4, recGLHKj3Api2BvK2","{""id"": ""usrdgG7vRV8iqukqL"", ""email"": ""keegankdolan@gmail.com"", ""name"": ""Keegan Dolan""}",2025-09-10T13:11:36.000Z,,,mg/dL,,mg/dL,mass
recALHYONhUlnaoKb,,,,2025-09-08T21:07:41.000Z,"{""id"": ""usrdgG7vRV8iqukqL"", ""email"": ""keegankdolan@gmail.com"", ""name"": ""Keegan Dolan""}",HKUnit.moleUnit(with: .nano).unitDivided(by: HKUnit.liter()),nanomoles_per_liter,"recWUzsVO9KQHX0u4, recx3AknpiptnxUGi, recxm3XMqTbEmtgDM, recoQuOuyeyMiUkHQ, rec0XnXymv6xLBMnR, rectOMvgYhYNPUEZW, recctNlypsxcxzRtl, reciuvmjcidiNPJFv, recJom2m3S1MBXLju, recuSMtFhSBRu8B0H, rechLg8GrMFrub68M, rec1sj3XqxDy2w9fr, recLMX3Y5Ib1Q7TIs, reczvv56JSVwLTAFe","{""id"": ""usrdgG7vRV8iqukqL"", ""email"": ""keegankdolan@gmail.com"", ""name"": ""Keegan Dolan""}",2025-09-10T13:11:36.000Z,,,nmol/L,,nmol/L,mass
recyrtXJJqyEripRY,,,,2025-09-08T21:07:45.000Z,"{""id"": ""usrdgG7vRV8iqukqL"", ""email"": ""keegankdolan@gmail.com"", ""name"": ""Keegan Dolan""}",HKUnit.gramUnit(with: .nano).unitDivided(by: HKUnit.literUnit(with: .milli)),nanograms_per_milliliter,"rec996FkP0p1oVssO, recngxtXIt4p6E5pi, reck5nZ4uAJ2cT4qD, recMFlM75mrtBvIbO, recy7w3xSZXwMPVfV, recC48yyPmQBRM9YT, recqa9G0NCafsMzqi, recTCtq29XBDub1lx, recfAsVnmaxOYfgmI, rec3uB1WTwJJykC3U, recmh0GaOW3ZAr6YN, recs54Cx1DmvvZAlU, rec5Ncvk9fxXP4QA9, recipprulovticvdf, rec0qWO2duCuwRrXC, recs3BtiMwS9mLN16, recmv4n9SQJj77TDG, recPq7OMTas1Ro7ij, rec4dXHaWgK5rryJF, recxJmsjSpB5iYEO8, recBFZXR70pSlKBlc, recepj14pCsLjzzkB, recNswwb3BWXHk4LC, reczZQtkoAlMcSGtM, recyJB1sG0yJhEkJa, recX4H94GWhPqsvOy, recpxlcBQKaGvdlpw, recnje4YDrm0hmSJv, rec7PtTpLk6Z9sFwo, recRcQHREpkUEPH37, recSvyK5qbjtUOdTO, rec38dlOvZvgx5Cxa, recTDfvTartU8pkgJ, recwQDJaZYA3MtCrM, recAoKM7ijuz3buUz, recCXBLN8QJw3oR9C, recHr4crpNOdJtFTg, recHTjByASY0sLWTL, rec6jsx61EF4FSFdj, recLS9ZeaA46OP7cG, recksiRfvEfvpmqnY, recK7FEPir1feTCXK, rec9mfsQ3N1Pm6Wuk, rec62wN3AoRtm7TrA, recW6H5PFGWO0xqUo, recUQkemDG0C18ywn, recgsfvR7QKQIlQa2, recbrlSiNBOk0rVge, recKSdoYGQqKcAwnW, recZO3dg9Ojao1ADg, recd0JDwU6YPg6GZh, reciTyXs6nwjJcXxq, recx74uoL86iteQSa, recOWUDmuMVNB22ys, recPU9z6hoXfKEZQX, rec2fHN62lvtiQ5OG, recoDTEactXKB9Ajw, rec705gfsbRrgIceg, recCovgpEOrQtdB7R, recSbGZSzGX8TVpvP, recQ12o7JaFR82LZe, recU02vNhWFWUW5lG","{""id"": ""usrdgG7vRV8iqukqL"", ""email"": ""keegankdolan@gmail.com"", ""name"": ""Keegan Dolan""}",2025-09-10T13:11:36.000Z,,,ng/mL,,ng/mL,mass
recnKf7GFfC4f8bD7,,,,2025-09-08T21:07:49.000Z,"{""id"": ""usrdgG7vRV8iqukqL"", ""email"": ""keegankdolan@gmail.com"", ""name"": ""Keegan Dolan""}",HKUnit.gramUnit(with: .micro).unitDivided(by: HKUnit.literUnit(with: .deci)),micrograms_per_deciliter,"recoUCHmhJg9uJsOB, recCSXwI5HvDydU0Q, recsZ0bBHEBo6A60G, recvm6cTzmI85zqLL, recgmLJP09yBA4iJZ, recRCV0c9Py64tLAr, recHbTTH5HdurfoBM, recRk52cez9guWFdm, rec3yV0xDyU61Jgy4, recBQXgZrofZcRB1o, rec8YV7iEEeruQqiq, recouqfgS7axiVyq7, rect7aNNg7p1zzvLg, recOUEasSmkfQSR2Q, reciww4RoSvgc0a6i, recRUoZyOSfo72tFQ, recmcIItx5PWiyuGP, recpmxGbx6DlbOi6B, rec0KZLrK6DhejITu, rec8tLLrreoPnYqce, recNBc3WBOulH7AvM, recs7uZHk7P8UFcxV, recSP394E6pyk1r3S, recVSnlFINUM2LXTj, recGNsgg0gWNsVS41, rec5AF5IzSxuVxvUk, reciYkmDdCXylQPbd, recvt6bWf9zoWXDfH, reciaHlvtVAYPpbNi, recMbru7lGNsgmqMz, recg4WLUej30JzecT, rectijbbZVMA5UCJg, recUC3I1VmRcfQlmn, recvnIFE1X7JjET9g, recHK5MbSg2PG6OY1, recjKzd4576oa51BB, recMY4trFt3765rtH, recJhLZrH8JIhUIxL, rect2w9SC1YA0y9KT, recSc8EnjCv1vs9jc, recS6P9IX9UykzmhJ","{""id"": ""usrdgG7vRV8iqukqL"", ""email"": ""keegankdolan@gmail.com"", ""name"": ""Keegan Dolan""}",2025-09-10T13:15:02.000Z,,,µg/dL,,μg/dL,mass
recV9qvkn8Wr6XwzJ,,,,2025-09-08T21:07:53.000Z,"{""id"": ""usrdgG7vRV8iqukqL"", ""email"": ""keegankdolan@gmail.com"", ""name"": ""Keegan Dolan""}",HKUnit.milligramUnit().unitDivided(by: HKUnit.liter()),milligrams_per_liter,"recpA4qVYudmoULNz, recm4iGNP1ff5gt7o, recMLd0KeSbKaagzd, reczqJ31m5QNTRkYa, recTQSmAoe1xOVtvv, reca2xWifvdUCUgkJ, rec3xzWwD4cVLu43L, recTr3thqp7CDmSil, rec3ujnhr4ANWo5P2, reciVlOZW1QUH7C2v, recWq6KXrOLrxCzqs, recTxpLfINbFvu66J","{""id"": ""usrdgG7vRV8iqukqL"", ""email"": ""keegankdolan@gmail.com"", ""name"": ""Keegan Dolan""}",2025-09-10T13:11:36.000Z,,,mg/L,,mg/L,mass
recKXlaukuEn40cxR,,,,2025-09-08T21:08:06.000Z,"{""id"": ""usrdgG7vRV8iqukqL"", ""email"": ""keegankdolan@gmail.com"", ""name"": ""Keegan Dolan""}",HKUnit.internationalUnit().unitMultiplied(by: HKUnit.milli).unitDivided(by: HKUnit.literUnit(with: .milli)),micro_international_units_per_milliliter,"recWJ23bVrOZprXmo, rec9cifGsz4qYJUbS, recLRmAdI6sSob9Nd, recw44Mh3f6M1ndI3, recx0M0BypsPyg14G, recBEMMQAtqnL6BsH, recy0SwQJsYK7wEjG","{""id"": ""usrdgG7vRV8iqukqL"", ""email"": ""keegankdolan@gmail.com"", ""name"": ""Keegan Dolan""}",2025-09-10T13:15:02.000Z,,,µU/mL,,μIU/mL,mass
recDvrGFMMZhXfFpI,,,,2025-09-08T21:08:11.000Z,"{""id"": ""usrdgG7vRV8iqukqL"", ""email"": ""keegankdolan@gmail.com"", ""name"": ""Keegan Dolan""}",HKUnit.internationalUnit().unitDivided(by: HKUnit.liter()),units_per_liter,"reci4lYybwzFslhEE, rec16Pbnc5S03zAzV, reck8FvxxTZujtaVV, recakta4Y0PX40DbF, recBaH7w5Igil1b81, recbvlqYUWikfQbW6, recMJctMcjqb8kzl8, reczNIG9bceHXCJIi, recvc8lXtidgF0auW, recLNHc6c4hL0Uomr, rec4s2dAbdCsh65Um, rec9GuBnxZlg9KKly, recQrNbfyQOHmWs5m, rec6tDQu4TCJbLB54, recPkk0SMysPVBdvR, recB2YoGVROgZy7mF, recRQ1eN8j1K1meqt, rec3crKTVOBrrDhWH, recFvbuUJa8dzSKMl, rec4ZOVdK62oPYK94, recQMLkhS26P7JO7B, recwgfc3mdjmyNTpU, recBlbsys5RctsOUB, recr8T1s95KYznKcA, recyVZcgg3ah2Fdyz, recBAeIDEXTTwdORd, recZ7o7om9pCu9wRw, recnCCcFWPAWZXNTm, recymXZ4Ky40l8aiJ, recL7DM4nmHG4x5XO, recd8r3zsqtzyJOVj, reclZbGZNgUkQTXPq, rec0GajyTLU5rLEzG, recJ6pJuzlWWar1rC, recK5qJcqS7I1uWeW, recaK5RYa2SMb1y4s, rec2SqJbYIHDgepuM, recuN4kEgxMX9rYAc, recVDZsSVEIRTH5NA, recvVeowccXzA5cZl, recLo8vydfFVCynL9, recB7xRocjYlYfGR3, recl948OnVaYcSXva, recnkLOo7FODVJLbu, recjUaBUnDuFG4b57, recJSztWjDMC7g2Vz, recWacRkDinNNr4jK, recjUAUr7rDBr3bLV, reczF8sJg2ZbRCRlj, recar6XYTkMXiRCuG, rec20IM6Q87vUbadA, recUD2vB0MlyG1WmF, recBCLT7IiO3S10uv, reczRKqFK01F0Tblv, recjLtDVonB2pSf9M, recEroU2cPShm55aY, recLpY1VdzI3r9iQF, recvDfQ8mpfbRFqHR, recvQq5XXlp0hRNFe, recHzgGo8EhQJHx1E, recCEeb9Ux8d1fjfd, recOpSgnqXtiHUO3y, recz55GZZ27xbO8Jp, recK2VGYOQbhRBF3W, recqIQHZNTbuUF59Q, recKAQX3C99RRrIuI","{""id"": ""usrdgG7vRV8iqukqL"", ""email"": ""keegankdolan@gmail.com"", ""name"": ""Keegan Dolan""}",2025-09-10T13:11:36.000Z,,,U/L,,U/L,mass
recp96k7h85MtaNR1,,,,2025-09-08T21:08:15.000Z,"{""id"": ""usrdgG7vRV8iqukqL"", ""email"": ""keegankdolan@gmail.com"", ""name"": ""Keegan Dolan""}",HKUnit.gramUnit(with: .nano).unitDivided(by: HKUnit.literUnit(with: .deci)),nanograms_per_deciliter,"recS74cIgkMvN7vNT, recpOrydNUSymDkF6, recwvwjWmnetZAXek, recigPLLTa2i8LQqP, reclCLtfyc8wiIovS, recdMne2lbMbwIAvg, rec3yLBCoMpMHQENb, recNWdTREzQeFNf6p, recMQrw0g22NWu9ar, recrWCPnneHd9Xsps, recDTyaLWP4bIyDnS, rec8qtyrSln7bMfnH, recrkIv1FkLhlBtvT, recS8ECZq9CHplVhN, recRbHsSUGZGa3t0v, recCQXcyp0ocvDuvm, rec33gmNnPJFqd34G, recm1pun8wl1s3sxo, recOQGqDLQBxIOdZ2, recchaCyCFwJMKv8z, recJHYTWiAgWc2eDq, recLW9F6bBm0nTPIK, rec3mNCrEd8wubZrd, recHg6st560EtDz8t","{""id"": ""usrdgG7vRV8iqukqL"", ""email"": ""keegankdolan@gmail.com"", ""name"": ""Keegan Dolan""}",2025-09-10T13:11:36.000Z,,,ng/dL,,ng/dL,mass
rectqARAxGl3m740a,,,,2025-09-08T21:08:18.000Z,"{""id"": ""usrdgG7vRV8iqukqL"", ""email"": ""keegankdolan@gmail.com"", ""name"": ""Keegan Dolan""}",HKUnit.gram().unitDivided(by: HKUnit.literUnit(with: .deci)),grams_per_deciliter,"rec027wl2cMtZXi7X, recrVJPS7eKM6hVul, rechPgz2H0b25iniT, recu0EIAsOC4sSSvO, recx9i1SdmVMByCyi, recb4nHQBMQQZ268f, rec9nuPrif8tCDCXQ, recy3mpGS3cSrjlHJ, recJPs2ZKobAHh9lF, reclcqF68eqXbe2A0, recR60S2O7WpnRb1A, recLkjVfqiqONki7q, recTM7zY4vS6ouF58, recbgT5oHAyyW3moV, recUrstRvlmk7Ep1P, recHrkUt76hWDjuO4, receY0jE05dZKKKsq, rec5jwvGiGJ6P9ody, recvpaVXP6nTLnlwX, rec3TfGNaaw5Wgayr, recbfeJNxPipoXwXk, recYq5NvAO9k09peK, recHNfNi4xV3BJP2u, recd8ChsI7Nq07Rcx, recmyAwnNSzw3oQ5c, rec0RIHJXHjodCDYZ, rec3lCB2SW4E5zVQb, recQBIhDTdHsyjEYN, recjZvD0RBg3tWrEq, recIOL8qBOhURQbOZ, recnq20bfTlikCpFv, recu9nWCOauXSKDH0, recAGaWRgreLZIKj0, recKEjkHvULBQ756u, recaveCf4fhdEnFhr, recdOa2PPtXVu8Caa, recKXgSVKK5vlSJuS, reci3nHAFzhEgExRZ","{""id"": ""usrdgG7vRV8iqukqL"", ""email"": ""keegankdolan@gmail.com"", ""name"": ""Keegan Dolan""}",2025-09-10T13:11:36.000Z,,,g/dL,,g/dL,mass
recPgcWRBbonYp3v3,,,,2025-09-08T21:08:23.000Z,"{""id"": ""usrdgG7vRV8iqukqL"", ""email"": ""keegankdolan@gmail.com"", ""name"": ""Keegan Dolan""}",HKUnit.gramUnit(with: .pico).unitDivided(by: HKUnit.literUnit(with: .milli)),picograms_per_milliliter,"recvqaqBkB0Oxx8VV, recCbdgnZna4wZY9m, recdc9aZJizIH3bv9, recJlmBL31O7yfvrm, recpAMWGPCmIBWZq4, rect6k65coNqgWUO1, recNWwdlWkfH7cM6V, recRjXafQisQiZVh6, recS4gAYVzdsuO8fK, rec2cjI2IyLQG3JUi, recm4k5uudAxfmSqN, recNQgKQiqWbqaupJ, recMKPPhWhOwQZWXA, rech0GG2D9CUFUi2S, recHuUJrza0aAdcIO, recMZNl8UGZf8EesC, recSXqa4zDCwnyPw3, rec5kIIAyNlj3b9ik, recz91caP1PJGhhqM, recbe8toYsgvabbqk, recVJKbtKzYpvl4To, recsoaXoGIq9eSpz1, rec9kEpjLY5s9yqFc, recWodNWgl0RsCKuL, reclDeuYjVqfZsjdV, recY10yRAONdAP36g, recVLnu0UW77NpJoB, recoxnwk00ptLkxP8, rec4mVf4iaqZpy13x, recSM2WhANZb8jKfk, recckAnwtcW2xda2C, reciFRscMt6DrAcea, recM4iZeZ2UM5RGO9","{""id"": ""usrdgG7vRV8iqukqL"", ""email"": ""keegankdolan@gmail.com"", ""name"": ""Keegan Dolan""}",2025-09-10T13:11:36.000Z,,,pg/mL,,pg/mL,mass
rechJvygUSVpcnQwZ,gram,,1000,2025-09-08T21:08:27.000Z,"{""id"": ""usrdgG7vRV8iqukqL"", ""email"": ""keegankdolan@gmail.com"", ""name"": ""Keegan Dolan""}",HKUnit.kilogram(),kilogram,,"{""id"": ""usrdgG7vRV8iqukqL"", ""email"": ""keegankdolan@gmail.com"", ""name"": ""Keegan Dolan""}",2025-10-09T20:38:19.000Z,,"recZ8eVdPUW7ERQKx, recunORvw3BNmaN4P, recFpIjRypDHi4n78, reczMNZnZ0hKQRrgD",kg,,Kilograms,mass
recadMVonxrQHmal3,kilogram,,0.453592,2025-09-08T21:08:31.000Z,"{""id"": ""usrdgG7vRV8iqukqL"", ""email"": ""keegankdolan@gmail.com"", ""name"": ""Keegan Dolan""}",HKUnit.pound(),pound,,"{""id"": ""usrdgG7vRV8iqukqL"", ""email"": ""keegankdolan@gmail.com"", ""name"": ""Keegan Dolan""}",2025-09-10T13:15:02.000Z,,,lbs,,Pounds,mass
rec0bCCIGsoIoxokH,gram,,1e-06,2025-09-08T21:11:28.000Z,"{""id"": ""usrdgG7vRV8iqukqL"", ""email"": ""keegankdolan@gmail.com"", ""name"": ""Keegan Dolan""}",HKUnit.gramUnit(with: .micro),microgram,,"{""id"": ""usrdgG7vRV8iqukqL"", ""email"": ""keegankdolan@gmail.com"", ""name"": ""Keegan Dolan""}",2025-09-27T17:16:43.000Z,,"recxZlijql3VE6Wer, recilt99MgODQfso1, recq2YBMyorvAuzvP, recJKP1SjhWodVgoH, recevsUOrkLDX4F1W, recQTjAIs6NWvGkJ2, recMgbShgFDgIwEdh, rec3tVT2z0mKKpIcj, recBsT2KzNv9jp3az, recc9suXYpbUpzcfJ, recDeBgsUixN5ntbe, recTqsHok2py5wPo8, recHA0f2pG71FMtAH",µg,"recF3rHFoy1qTep0s, recBUzFq2Pumf3A0F, recrRDZRj2UTjX1Wc, rec5W034jGhhONMRM, rec7WMU4topbcodMF, rece54HLMbtsbuZlu, recDdXb8gmNlkmaLw, reclFjQSn2XlvZr3H, recmmB8PUU0XVZOGt, recA7SZUl7MArzgeP, recsZOHIo05iu6Two, recX4xPefr2CNY97j",Micrograms,mass
reckRwscLvoAzsWmA,,,,2025-09-08T21:11:31.000Z,"{""id"": ""usrdgG7vRV8iqukqL"", ""email"": ""keegankdolan@gmail.com"", ""name"": ""Keegan Dolan""}",HKUnit.internationalUnit(),international_unit,,"{""id"": ""usrdgG7vRV8iqukqL"", ""email"": ""keegankdolan@gmail.com"", ""name"": ""Keegan Dolan""}",2025-09-27T16:37:04.000Z,,recrI6gltvaeo8gT4,IU,recSXNCmUTO804lJa,International Units,mass
recivGVXyqG9y6NdE,,,,2025-09-08T21:11:43.000Z,"{""id"": ""usrdgG7vRV8iqukqL"", ""email"": ""keegankdolan@gmail.com"", ""name"": ""Keegan Dolan""}",HKUnit.moleUnit(with: .milli).unitDivided(by: HKUnit.liter()),millimoles_per_liter,"recXs4Zt6RTufu1p2, recBEzxFtXiR8T9HN, rec3R9geVVU9edEV3, recIovUvcV5CYFbkt, recdVdr9HATGXYwom, recqY1or5ybGXrbcC, recKxGF7GlYsPKx4M, recy1U7ipbCPxafks, recDW2nwph7WynyrN, reccwDP9yU9XI1lDK, recG10n8y0BkrElCv, recTHB4a2lWwrSMWF, recOWGAErsoIeHI8p, recW3nNxi7CzjKzLx","{""id"": ""usrdgG7vRV8iqukqL"", ""email"": ""keegankdolan@gmail.com"", ""name"": ""Keegan Dolan""}",2025-09-10T13:11:36.000Z,,,mmol/L,,mmol/L,mass
recIKXLD59YdDL7JI,,,,2025-09-08T21:11:50.000Z,"{""id"": ""usrdgG7vRV8iqukqL"", ""email"": ""keegankdolan@gmail.com"", ""name"": ""Keegan Dolan""}",HKUnit.moleUnit(with: .micro).unitDivided(by: HKUnit.liter()),micromoles_per_liter,"recKdfVMnhJk3YdkZ, recJt5w18ysN8omQo, recQKClfOEQvBRITZ, recFgOTPnaF36SifS, recDAZoJDSpY9RJrm, rec1H5eAAqaI8lrAI, recIUE8F73POFas19","{""id"": ""usrdgG7vRV8iqukqL"", ""email"": ""keegankdolan@gmail.com"", ""name"": ""Keegan Dolan""}",2025-09-10T13:15:02.000Z,,,µmol/L,,μmol/L,mass
recrXJVKm0Ee9zV8C,,,,2025-09-08T21:11:54.000Z,"{""id"": ""usrdgG7vRV8iqukqL"", ""email"": ""keegankdolan@gmail.com"", ""name"": ""Keegan Dolan""}",HKUnit.gramUnit(with: .micro).unitDivided(by: HKUnit.day()),micrograms_per_day,"reckBvdu4gmB40Am7, recQq2mb3DN5U1F0l, recXYSINLz1JCjhdg, recJeu5l4nHRhrxNC, recrGsZYMo7hfLm7l, recKx8CGl1x07eobc, reckSWsRA4UwaRY2h","{""id"": ""usrdgG7vRV8iqukqL"", ""email"": ""keegankdolan@gmail.com"", ""name"": ""Keegan Dolan""}",2025-09-10T13:15:02.000Z,,,µg/day,,μg/day,mass
recDvqwibssKw3S46,,,,2025-09-08T21:11:58.000Z,"{""id"": ""usrdgG7vRV8iqukqL"", ""email"": ""keegankdolan@gmail.com"", ""name"": ""Keegan Dolan""}",HKUnit.internationalUnit().unitMultiplied(by: HKUnit.milli).unitDivided(by: HKUnit.liter()),milli_international_units_per_liter,"recxx4cBn9KyqxdJp, reckJelsoaUGXYX2m, recEQNBQvLqnQ93yR, recsLdD8hlrsWr3eq, recmj99kLx4rCz7OU, recrGUtof6oMEjya3, recEO8NO8tSJaaaJt, rec1twbRuD9vlyZPD, recoR3Mueqt3xO73B, recl8bKyOzEeCLBZW, recoOrpmSeAQYf52B, recqJQvQQxKFinTRn, recFCgVKaG8x9GvDx, recmJxYYglTL0nNyh, recXJhCImF9qrXSsP, recGAfnid1ulIZmqr, recLL1k6EPpCxvu4h, recVuaD6qC1O0e9Pu, rec19TrUefDTZqyJK, recaxDuXuq0HhHVEq","{""id"": ""usrdgG7vRV8iqukqL"", ""email"": ""keegankdolan@gmail.com"", ""name"": ""Keegan Dolan""}",2025-09-10T13:11:36.000Z,,,mIU/L,,mIU/L,mass
recyLQNmTwkDswFaO,,,,2025-09-08T21:12:04.000Z,"{""id"": ""usrdgG7vRV8iqukqL"", ""email"": ""keegankdolan@gmail.com"", ""name"": ""Keegan Dolan""}",HKUnit.gramUnit(with: .pico).unitDivided(by: HKUnit.count()),picograms_per_cell,"recaipYEGIqFk3Y2t, recwyfe9MofNMT3ye, recQVuUlCQA4kq01U, recSl0nzZ2yYaG6TI, recynlsFb4UCGy0EG, recxhiS6z27MZHvE9, recYxjlPcOoDTzXgJ","{""id"": ""usrdgG7vRV8iqukqL"", ""email"": ""keegankdolan@gmail.com"", ""name"": ""Keegan Dolan""}",2025-09-10T13:11:36.000Z,,,pg/cell,,pg/cell,mass
rec4vmIDB0KhjPgiZ,,recqsVGWNyBCUtPen,,2025-09-08T21:12:20.000Z,"{""id"": ""usrdgG7vRV8iqukqL"", ""email"": ""keegankdolan@gmail.com"", ""name"": ""Keegan Dolan""}",HKUnit.kilogram().unitDivided(by: HKUnit.meter().unitRaised(toPower: 2)),kilograms_per_square_meter,,"{""id"": ""usrdgG7vRV8iqukqL"", ""email"": ""keegankdolan@gmail.com"", ""name"": ""Keegan Dolan""}",2025-09-14T18:26:42.000Z,,,kg/m²,,kg/m²,mass
rec3XRiPL27CfDZEl,kilogram,,6.35029,2025-09-08T21:23:11.000Z,"{""id"": ""usrdgG7vRV8iqukqL"", ""email"": ""keegankdolan@gmail.com"", ""name"": ""Keegan Dolan""}",HKUnit.stone(),stone,,"{""id"": ""usrdgG7vRV8iqukqL"", ""email"": ""keegankdolan@gmail.com"", ""name"": ""Keegan Dolan""}",2025-09-10T13:15:02.000Z,,,st,,Stone,mass
recdCqemoCGHViZjE,,,,2025-09-08T21:23:17.000Z,"{""id"": ""usrdgG7vRV8iqukqL"", ""email"": ""keegankdolan@gmail.com"", ""name"": ""Keegan Dolan""}",HKUnit.moleUnit(withMolarMass: 1.0),mole,,"{""id"": ""usrdgG7vRV8iqukqL"", ""email"": ""keegankdolan@gmail.com"", ""name"": ""Keegan Dolan""}",2025-09-10T13:15:02.000Z,,,mol,,Moles,mass
recXb5vnQVfVeO7n9,,,,2025-09-08T21:23:43.000Z,"{""id"": ""usrdgG7vRV8iqukqL"", ""email"": ""keegankdolan@gmail.com"", ""name"": ""Keegan Dolan""}",HKUnit.gram().unitDivided(by: HKUnit.count()),grams_per_serving,,"{""id"": ""usrdgG7vRV8iqukqL"", ""email"": ""keegankdolan@gmail.com"", ""name"": ""Keegan Dolan""}",2025-09-10T13:15:02.000Z,,,g/serving,,Grams per Serving,mass
receJ3DJ89Wq4USbA,gram,,1e-09,2025-09-08T21:24:03.000Z,"{""id"": ""usrdgG7vRV8iqukqL"", ""email"": ""keegankdolan@gmail.com"", ""name"": ""Keegan Dolan""}",HKUnit.gramUnit(with: .nano),nanogram,,"{""id"": ""usrdgG7vRV8iqukqL"", ""email"": ""keegankdolan@gmail.com"", ""name"": ""Keegan Dolan""}",2025-09-10T13:15:02.000Z,,,ng,,Nanograms,mass
recW56gOSl4vAYuYr,gram,,1e-12,2025-09-08T21:24:07.000Z,"{""id"": ""usrdgG7vRV8iqukqL"", ""email"": ""keegankdolan@gmail.com"", ""name"": ""Keegan Dolan""}",HKUnit.gramUnit(with: .pico),picogram,,"{""id"": ""usrdgG7vRV8iqukqL"", ""email"": ""keegankdolan@gmail.com"", ""name"": ""Keegan Dolan""}",2025-09-13T16:55:40.000Z,,,pg,,Picograms,mass
recyJIDZTNP2peUAo,meter,,0.0254,2025-09-08T21:08:35.000Z,"{""id"": ""usrdgG7vRV8iqukqL"", ""email"": ""keegankdolan@gmail.com"", ""name"": ""Keegan Dolan""}",HKUnit.inch(),inch,,"{""id"": ""usrdgG7vRV8iqukqL"", ""email"": ""keegankdolan@gmail.com"", ""name"": ""Keegan Dolan""}",2025-10-09T20:37:31.000Z,,,in,,Inches,volume
rec4fukGV22mQDRUK,meter,,0.9144,2025-09-08T21:08:43.000Z,"{""id"": ""usrdgG7vRV8iqukqL"", ""email"": ""keegankdolan@gmail.com"", ""name"": ""Keegan Dolan""}",HKUnit.yard(),yard,,"{""id"": ""usrdgG7vRV8iqukqL"", ""email"": ""keegankdolan@gmail.com"", ""name"": ""Keegan Dolan""}",2025-09-10T13:15:02.000Z,,,yd,,Yards,volume
recGT13BPJatoGqa3,,recTH7DLHsLEv8CHC,,2025-09-08T21:09:18.000Z,"{""id"": ""usrdgG7vRV8iqukqL"", ""email"": ""keegankdolan@gmail.com"", ""name"": ""Keegan Dolan""}",HKUnit.literUnit(with: .milli),milliliter,,"{""id"": ""usrdgG7vRV8iqukqL"", ""email"": ""keegankdolan@gmail.com"", ""name"": ""Keegan Dolan""}",2025-09-14T18:26:42.000Z,,rec7CnfAEp6i9w5fV,mL,,Milliliters,volume
recHy3bG4v5OAdyZc,,,,2025-09-08T21:09:28.000Z,"{""id"": ""usrdgG7vRV8iqukqL"", ""email"": ""keegankdolan@gmail.com"", ""name"": ""Keegan Dolan""}",HKUnit.meter(),meter,,"{""id"": ""usrdgG7vRV8iqukqL"", ""email"": ""keegankdolan@gmail.com"", ""name"": ""Keegan Dolan""}",2025-09-10T13:15:02.000Z,,,m,,Meters,volume
recXc6ospqf5woXNm,meter,,1609.34,2025-09-08T21:09:31.000Z,"{""id"": ""usrdgG7vRV8iqukqL"", ""email"": ""keegankdolan@gmail.com"", ""name"": ""Keegan Dolan""}",HKUnit.mile(),mile,,"{""id"": ""usrdgG7vRV8iqukqL"", ""email"": ""keegankdolan@gmail.com"", ""name"": ""Keegan Dolan""}",2025-09-10T13:15:02.000Z,,,mi,,Miles,volume
recKna4WLhrUrQPPB,meter,,1000,2025-09-08T21:09:37.000Z,"{""id"": ""usrdgG7vRV8iqukqL"", ""email"": ""keegankdolan@gmail.com"", ""name"": ""Keegan Dolan""}",HKUnit.meterUnit(with: .kilo),kilometer,,"{""id"": ""usrdgG7vRV8iqukqL"", ""email"": ""keegankdolan@gmail.com"", ""name"": ""Keegan Dolan""}",2025-09-10T13:15:02.000Z,,,km,,Kilometers,volume
recpV1fwlwZeOtZfV,meter,,0.01,2025-09-08T21:09:45.000Z,"{""id"": ""usrdgG7vRV8iqukqL"", ""email"": ""keegankdolan@gmail.com"", ""name"": ""Keegan Dolan""}",HKUnit.meterUnit(with: .centi),centimeter,,"{""id"": ""usrdgG7vRV8iqukqL"", ""email"": ""keegankdolan@gmail.com"", ""name"": ""Keegan Dolan""}",2025-10-09T20:37:36.000Z,,"recUi0wXzQXWfE8T8, recbOOlFtADXjf79s, recL1Vc10EwfI2iY5",cm,,Centimeters,volume
recfRfDcBBdDJSqYk,,,,2025-09-08T21:10:09.000Z,"{""id"": ""usrdgG7vRV8iqukqL"", ""email"": ""keegankdolan@gmail.com"", ""name"": ""Keegan Dolan""}",HKUnit.liter().unitDivided(by: HKUnit.minute()),liters_per_minute,,"{""id"": ""usrdgG7vRV8iqukqL"", ""email"": ""keegankdolan@gmail.com"", ""name"": ""Keegan Dolan""}",2025-09-10T13:11:36.000Z,,,L/min,,L/min,volume
recJSHsuBKaXM3RQC,milliliter,,4.92892,2025-09-08T21:10:53.000Z,"{""id"": ""usrdgG7vRV8iqukqL"", ""email"": ""keegankdolan@gmail.com"", ""name"": ""Keegan Dolan""}",HKUnit.teaspoon(),teaspoon,,"{""id"": ""usrdgG7vRV8iqukqL"", ""email"": ""keegankdolan@gmail.com"", ""name"": ""Keegan Dolan""}",2025-09-10T13:15:02.000Z,,,tsp,,Teaspoons,volume
recZj7ylEqq4f6vW0,milliliter,,14.7868,2025-09-08T21:10:57.000Z,"{""id"": ""usrdgG7vRV8iqukqL"", ""email"": ""keegankdolan@gmail.com"", ""name"": ""Keegan Dolan""}",HKUnit.tablespoon(),tablespoon,,"{""id"": ""usrdgG7vRV8iqukqL"", ""email"": ""keegankdolan@gmail.com"", ""name"": ""Keegan Dolan""}",2025-09-10T13:15:02.000Z,,,tbsp,,Tablespoons,volume
recUoGwcERCDdWiZg,milliliter,,236.588,2025-09-08T21:11:11.000Z,"{""id"": ""usrdgG7vRV8iqukqL"", ""email"": ""keegankdolan@gmail.com"", ""name"": ""Keegan Dolan""}",HKUnit.cupUS(),cup,,"{""id"": ""usrdgG7vRV8iqukqL"", ""email"": ""keegankdolan@gmail.com"", ""name"": ""Keegan Dolan""}",2025-09-10T13:15:02.000Z,,,cups,,Cups,volume
reci0fenenHWCLVea,liter,,1e-15,2025-09-08T21:12:09.000Z,"{""id"": ""usrdgG7vRV8iqukqL"", ""email"": ""keegankdolan@gmail.com"", ""name"": ""Keegan Dolan""}",HKUnit.literUnit(with: .femto),femtoliter,"recrSkUFdWdVICLkq, rec24X33j1OpfuRzp, recLwDm2hTbE4Iopj, recPKobOV35b3YDPb, rectgjAzDXrbVKPu2, recirUM0nS6H9A1Bc, recOiXAW2YVVZQQgl","{""id"": ""usrdgG7vRV8iqukqL"", ""email"": ""keegankdolan@gmail.com"", ""name"": ""Keegan Dolan""}",2025-09-13T16:56:35.000Z,,,fL,,Femtoliters,volume
recvnpDBkos1fyFjA,,,,2025-09-08T21:12:24.000Z,"{""id"": ""usrdgG7vRV8iqukqL"", ""email"": ""keegankdolan@gmail.com"", ""name"": ""Keegan Dolan""}",HKUnit.literUnit(with: .milli).unitDivided(by: HKUnit.kilogram()).unitDivided(by: HKUnit.minute()),milliliters_per_kilogram_per_minute,,"{""id"": ""usrdgG7vRV8iqukqL"", ""email"": ""keegankdolan@gmail.com"", ""name"": ""Keegan Dolan""}",2025-09-12T17:38:53.000Z,,recJj66RhX1E012hK,mL/kg/min,,mL/kg/min,volume
reclLdOs8qedI0rvG,,,,2025-09-08T21:12:28.000Z,"{""id"": ""usrdgG7vRV8iqukqL"", ""email"": ""keegankdolan@gmail.com"", ""name"": ""Keegan Dolan""}",HKUnit.literUnit(with: .milli).unitDivided(by: HKUnit.minute()),milliliters_per_minute_per_1_73_m2,"recszBbPdamNGYDFM, recnfyjBZpILHk7Wm, reccJMlQ0ZGiAEgXF, recPnwkQjQMg907uv, recQYWTu7vsxCDwUn, recvAbGT6fmvoPPsB","{""id"": ""usrdgG7vRV8iqukqL"", ""email"": ""keegankdolan@gmail.com"", ""name"": ""Keegan Dolan""}",2025-09-10T13:15:02.000Z,,,mL/min/1.73 m²,,mL/min/1.73m²,volume
reci6pnlBz2Xg7rjS,milliliter,,28.4131,2025-09-08T21:22:49.000Z,"{""id"": ""usrdgG7vRV8iqukqL"", ""email"": ""keegankdolan@gmail.com"", ""name"": ""Keegan Dolan""}",HKUnit.fluidOunceImperial(),fluid_ounce_imperial,,"{""id"": ""usrdgG7vRV8iqukqL"", ""email"": ""keegankdolan@gmail.com"", ""name"": ""Keegan Dolan""}",2025-09-10T13:15:02.000Z,,,fl_oz_imp,,Fluid Ounces (Imperial),volume
recH11wl7tOFJF1CR,milliliter,,284.131,2025-09-08T21:22:55.000Z,"{""id"": ""usrdgG7vRV8iqukqL"", ""email"": ""keegankdolan@gmail.com"", ""name"": ""Keegan Dolan""}",HKUnit.cupImperial(),cup_imperial,,"{""id"": ""usrdgG7vRV8iqukqL"", ""email"": ""keegankdolan@gmail.com"", ""name"": ""Keegan Dolan""}",2025-09-10T13:15:02.000Z,,,cup_imp,,Cups (Imperial),volume
recLb2YC0S1WnbuVc,milliliter,,473.176,2025-09-08T21:23:03.000Z,"{""id"": ""usrdgG7vRV8iqukqL"", ""email"": ""keegankdolan@gmail.com"", ""name"": ""Keegan Dolan""}",HKUnit.pintUS(),pint_us,,"{""id"": ""usrdgG7vRV8iqukqL"", ""email"": ""keegankdolan@gmail.com"", ""name"": ""Keegan Dolan""}",2025-09-10T13:15:02.000Z,,,pt_us,,Pints (US),volume
rec3baIobH9kG3GIe,milliliter,,568.261,2025-09-08T21:23:07.000Z,"{""id"": ""usrdgG7vRV8iqukqL"", ""email"": ""keegankdolan@gmail.com"", ""name"": ""Keegan Dolan""}",HKUnit.pintImperial(),pint_imperial,,"{""id"": ""usrdgG7vRV8iqukqL"", ""email"": ""keegankdolan@gmail.com"", ""name"": ""Keegan Dolan""}",2025-09-10T13:15:02.000Z,,,pt_imp,,Pints (Imperial),volume
recezIiv3NurYdNDS,meter,,0.3048,2025-09-08T21:23:21.000Z,"{""id"": ""usrdgG7vRV8iqukqL"", ""email"": ""keegankdolan@gmail.com"", ""name"": ""Keegan Dolan""}",HKUnit.foot(),foot,,"{""id"": ""usrdgG7vRV8iqukqL"", ""email"": ""keegankdolan@gmail.com"", ""name"": ""Keegan Dolan""}",2025-09-10T13:15:02.000Z,,,ft,,Feet,volume
recaVPhgHNG5yyqnm,meter,,0.001,2025-09-08T21:23:25.000Z,"{""id"": ""usrdgG7vRV8iqukqL"", ""email"": ""keegankdolan@gmail.com"", ""name"": ""Keegan Dolan""}",HKUnit.meterUnit(with: .milli),millimeter,,"{""id"": ""usrdgG7vRV8iqukqL"", ""email"": ""keegankdolan@gmail.com"", ""name"": ""Keegan Dolan""}",2025-09-10T13:15:02.000Z,,,mm,,Millimeters,volume
recXcUEMI9EPNT8iM,liter,,0.1,2025-09-08T21:23:53.000Z,"{""id"": ""usrdgG7vRV8iqukqL"", ""email"": ""keegankdolan@gmail.com"", ""name"": ""Keegan Dolan""}",HKUnit.literUnit(with: .deci),deciliter,,"{""id"": ""usrdgG7vRV8iqukqL"", ""email"": ""keegankdolan@gmail.com"", ""name"": ""Keegan Dolan""}",2025-09-10T13:15:02.000Z,,,dL,,Deciliters,volume
rec5j1EtipClQJ3p0,liter,,1e-06,2025-09-08T21:24:10.000Z,"{""id"": ""usrdgG7vRV8iqukqL"", ""email"": ""keegankdolan@gmail.com"", ""name"": ""Keegan Dolan""}",HKUnit.literUnit(with: .micro),microliter,,"{""id"": ""usrdgG7vRV8iqukqL"", ""email"": ""keegankdolan@gmail.com"", ""name"": ""Keegan Dolan""}",2025-09-10T13:15:02.000Z,,,μL,,Microliters,volume
recmMEvDkigNiAoYs,milliliter,,29.5735,2025-09-08T22:00:40.000Z,"{""id"": ""usrdgG7vRV8iqukqL"", ""email"": ""keegankdolan@gmail.com"", ""name"": ""Keegan Dolan""}",HKUnit.fluidOunceUS(),fluid_ounce,,"{""id"": ""usrdgG7vRV8iqukqL"", ""email"": ""keegankdolan@gmail.com"", ""name"": ""Keegan Dolan""}",2025-09-10T13:15:02.000Z,,,fl oz,,Fluid Ounces,volume
recEpt5LNZxgCCsE9,milliliter,,1000,2025-09-08T22:00:44.000Z,"{""id"": ""usrdgG7vRV8iqukqL"", ""email"": ""keegankdolan@gmail.com"", ""name"": ""Keegan Dolan""}",HKUnit.liter(),liter,,"{""id"": ""usrdgG7vRV8iqukqL"", ""email"": ""keegankdolan@gmail.com"", ""name"": ""Keegan Dolan""}",2025-09-10T13:15:02.000Z,,,L,,Liters,volume
recZBMdCzE5sRxqOQ,,"rec2lPc6KWn7kiyFC, recHDABFxYSwsWiIP, recuSSKRhyhRN978l, recUbZz7Nzn1EnQSM, receP0uJG8ReWogvl, rec71BD8UohNw7mTL, recwpzjlVmB8XGaiq, recrE8ZPjgqmWUN0M, recQdU3aMAVBH4CsO, recLiyx9n4sjxZFI1, rechoasBvKlPTc7K1, recbGfLbzhxUQL6j2, rec7bo1iZqtG3vVgn, recbhvuUmr944Cq4w, recz1mxoq56v7ye7j, recEuLfcionAEHuxo, recHkmXhLhadFGYHD, reclpXrHPKzZjgU7G, recYLPMMzs0JXY9lU, recDYbjBWQe9vs11Q, recaOSieHgikeIksD, rec8zRBa4sBPkeBAk, recBwvFfJzV6wHkew, recymReSeyd1ZawKw, recgYUj84IikG1ron, rec0PvlSlxiYV1h2j, recBiDT0P3XU60LM7, reccCEe8PGjqhzmyY, rec7K3BZOSteS0STt, recOgMyuq9svPrOWv, recqMKjjVRs1RrQeo, recG5r0B2rnihsElx, rec8cT84Wh19MzvqU, recNzOe2650EhKLI6, recY4H2UF05Uu1xer, rectiV0O4MVMUcW2M, recUCwywKgmppMKhV, recHu8HXEQmRbKRf3, recLK67nO62yaipFo, recUs3667iFP3i6cf, rec8wtpvsB3lzCkgQ",,2025-09-08T19:26:12.000Z,"{""id"": ""usrdgG7vRV8iqukqL"", ""email"": ""keegankdolan@gmail.com"", ""name"": ""Keegan Dolan""}",HKUnit.count(),serving,,"{""id"": ""usrdgG7vRV8iqukqL"", ""email"": ""keegankdolan@gmail.com"", ""name"": ""Keegan Dolan""}",2025-10-09T20:38:25.000Z,,"recaCw0rYWB00Tb0A, recwPxK8MnKe5NICN, recZb4SQfXZb0tMcT, recOGyfPPsAJH0a1z, reco9DeFYVedQuQ3V, rec0hOpS2ovZkzDPW, recMi1W2H0fBc2kdF, rec0rSFQ8gP9rPSup, recI4eTx41D0cwi8S, recNjyT4Wj1DIqywi, rectMLBlRfTVKEUmJ, recJIvIjeZtKwzX3V, recr6JAa4MhixQbWv, recoazbjKoKBrDApl",serving,,Servings,count
recUsyv8C6CRDGvps,,"recOvYr08Rj2iPdHc, rece1ZK4voGB41Isw, recuMRBCfJVSLVloK, reclyzlCZnvczhmnC, recE3KUr5KLsnjvl8, recmENRXYHGWp779L, recSGn8fbja5ek0ZF, recuB0MLMXg4xhcxa, recNtXD7Eq2ZuMey3, recGH1IrGqCP8YXP0",,2025-09-08T19:28:01.000Z,"{""id"": ""usrdgG7vRV8iqukqL"", ""email"": ""keegankdolan@gmail.com"", ""name"": ""Keegan Dolan""}",HKUnit.count(),count,,"{""id"": ""usrdgG7vRV8iqukqL"", ""email"": ""keegankdolan@gmail.com"", ""name"": ""Keegan Dolan""}",2025-10-09T21:32:01.000Z,,"recjzb5xcD3y5mxvM, receglemHR2txoSXY, recT4EkW33ksYbmcw, recFrmVxswjNmCJV9, recxjUNLkHzLW8YWm",count,,Count,count
rec3OLAux5HdudWoa,,,,2025-09-08T21:07:57.000Z,"{""id"": ""usrdgG7vRV8iqukqL"", ""email"": ""keegankdolan@gmail.com"", ""name"": ""Keegan Dolan""}",HKUnit.count().unitDivided(by: HKUnit.liter()),billion_per_liter,"recMicqA4gpFyKbLo, recMyuMhsrLE5vsyn, recsRXMek1WnYQb4L, reczvJtEtH16z7qOW, recjaUOkwOGV1jNf7, recesb8xMt8jpxvnS, recBeY3Syr3OWxc7u, recOHSZkNScXMI2E1, recAMGE7vKcHiFiN8, recRnbbkpUz70sxgw, recD0eLzUSwc3dXKM, rec1mqnzur52lzSs1, recxjykHQYSnzUdeY, recAPiAw4ivGMR2qA, recNmI65frM93M5pU, recAcHZ4TDV5S4HZ0, rec9FpCvvS6AOFIfz, recjEIsd4xBxA9QXx, recmorCO3SXmsEnLV, recrjeSQebvjLRAIb, recsSrHC6zSsBhkLp","{""id"": ""usrdgG7vRV8iqukqL"", ""email"": ""keegankdolan@gmail.com"", ""name"": ""Keegan Dolan""}",2025-09-10T13:15:02.000Z,,,×10⁹/L,,Billion/L,count
reckZoCVrePZaI9tD,,,,2025-09-08T21:08:01.000Z,"{""id"": ""usrdgG7vRV8iqukqL"", ""email"": ""keegankdolan@gmail.com"", ""name"": ""Keegan Dolan""}",HKUnit.count().unitDivided(by: HKUnit.literUnit(with: .micro)),per_microliter,"recAIQ7mCoVBJh8bZ, recGc9net1d0lqr0l, recEc9Brf3KOPR9vu, recltLOzYArY0Uhqq, recVxgcxKHzS5fMLH, recMBxuEUuBNxoAfZ, recD9qWquboWAXZh3","{""id"": ""usrdgG7vRV8iqukqL"", ""email"": ""keegankdolan@gmail.com"", ""name"": ""Keegan Dolan""}",2025-09-10T13:15:02.000Z,,,/µL,,per μL,count
recvQXh05luE2zRW4,,recJorm0wDvhBQS9d,,2025-09-08T21:08:39.000Z,"{""id"": ""usrdgG7vRV8iqukqL"", ""email"": ""keegankdolan@gmail.com"", ""name"": ""Keegan Dolan""}",HKUnit.count(),step,,"{""id"": ""usrdgG7vRV8iqukqL"", ""email"": ""keegankdolan@gmail.com"", ""name"": ""Keegan Dolan""}",2025-09-14T18:26:42.000Z,,reciBtcIb0Nj7Y56B,steps,,Steps,count
recIc5d2SK8eOUHnl,,,,2025-09-08T21:08:50.000Z,"{""id"": ""usrdgG7vRV8iqukqL"", ""email"": ""keegankdolan@gmail.com"", ""name"": ""Keegan Dolan""}",HKUnit.count(),flights_climbed,,"{""id"": ""usrdgG7vRV8iqukqL"", ""email"": ""keegankdolan@gmail.com"", ""name"": ""Keegan Dolan""}",2025-09-10T13:15:02.000Z,,,flights,,Flights Climbed,count
recVE273dOVjEFEWL,,,,2025-09-08T21:08:55.000Z,"{""id"": ""usrdgG7vRV8iqukqL"", ""email"": ""keegankdolan@gmail.com"", ""name"": ""Keegan Dolan""}",HKUnit.count().unitDivided(by: HKUnit.minute()),beats_per_minute,,"{""id"": ""usrdgG7vRV8iqukqL"", ""email"": ""keegankdolan@gmail.com"", ""name"": ""Keegan Dolan""}",2025-09-12T17:34:07.000Z,,reci2LOcA8vNf3dlx,bpm,,BPM,count
rectOH7sO9B0L3Xph,,,,2025-09-08T21:09:10.000Z,"{""id"": ""usrdgG7vRV8iqukqL"", ""email"": ""keegankdolan@gmail.com"", ""name"": ""Keegan Dolan""}",HKUnit.count().unitDivided(by: HKUnit.minute()),breaths_per_minute,,"{""id"": ""usrdgG7vRV8iqukqL"", ""email"": ""keegankdolan@gmail.com"", ""name"": ""Keegan Dolan""}",2025-09-10T13:15:02.000Z,,,breaths/min,,Breaths per Minute,count
recyl9Pa45s71Mrs8,,"recLIzZxrjsb2vgI0, recLBl1dddNWZH9rS, recdMrsqBFfup2dOC, rec5LsIPpAzVqoWu9, recZO2jCVHI2wG1kV, recuvtzdhhwMpyoWn, recC6WV4AYQA4MSqK, rec2HqcoeoO7PVf9E, recAVA9EfYheG3Lrr, rec9UyPB9IH6JVY1S, recMKXJdq99o40g1C, recrpRrUoyFfARNMm, recV15gLGNvPjCjXz, reckgVaoYaTigGhS1, rechjIX1clKwfDyKR, recVR9jCHgOrhqgQg, recPbh0QyugbqiK4A, recOzXCWv3f8XEgSP, rec8TVXTnyeYPcukh, recwulTnKjWrQ77yc, recaqjZszr1rYZwLp, recYCKwTOArosks7B, rechmJ5K3Pct0tmY3, recAqhxDRYMvWQYRo, recj8VoWO3dBMxgrj, recAoGRSdwjU7WuLY, recHTDTOcWMpPlj5w, rectFuLPa37BL932e, recbdcutqxUL17ZNO, recTHneuqNR5khOJx, reckVhKTK5gJaX3ux",,2025-09-08T21:10:17.000Z,"{""id"": ""usrdgG7vRV8iqukqL"", ""email"": ""keegankdolan@gmail.com"", ""name"": ""Keegan Dolan""}",HKUnit.count(),session,,"{""id"": ""usrdgG7vRV8iqukqL"", ""email"": ""keegankdolan@gmail.com"", ""name"": ""Keegan Dolan""}",2025-09-26T02:43:17.000Z,,"recvjrSGy17uAf4ol, recFhW0g2inNLpoOp, reccv2WcQ83SbPXVg, rechrdEDVSLtd0IFz, recDypVGSGQChtJpI",session,,Sessions,count
rec9OxY60mezaCp2J,,"recGpA90JnwA5Lwwi, rec3WXBXeF91098Gc, reczkGnRKXr1kt8GO, recYiJzYAm3QkH9y9, recohknaonBXz95CD, rec3MnwprrNx5WqqN, rechX2ebh9btNOQLX, recpkhgT0fFuQl1NF, recr2lQOJlE6bX0b5, recuQwNjwhazRCEVh, recEinzDZKYXXpn2Z, recP3CxAEVfjLlerO, recb56iG9mIphT8lA, recbsCAVwtKNgsDYv, recD4Y8yazQwqi57U, recFkrVkLWVS674KK, recofKP9v9uZrPBLw, recOCavZ1WHCXyUnE, recSS7uhpgcZj6pPq, reca3uTcKsyxmurqf",,2025-09-08T21:10:21.000Z,"{""id"": ""usrdgG7vRV8iqukqL"", ""email"": ""keegankdolan@gmail.com"", ""name"": ""Keegan Dolan""}",HKUnit.count(),meal,,"{""id"": ""usrdgG7vRV8iqukqL"", ""email"": ""keegankdolan@gmail.com"", ""name"": ""Keegan Dolan""}",2025-09-14T18:26:42.000Z,,"recVBnB9mNNstK4qa, recnQIsdQFp3wedHR, recTy6nZTnoUljJQs, recyPHEwuVedxPxh6, recIXNrpx6Ku5QYSI",meals,,Meals,count
recO4L9TssiVxosxO,,rec39ViJ5ctW3CQJF,,2025-09-11T13:47:20.000Z,"{""id"": ""usrdgG7vRV8iqukqL"", ""email"": ""keegankdolan@gmail.com"", ""name"": ""Keegan Dolan""}",HKUnit.count(),snack,,"{""id"": ""usrdgG7vRV8iqukqL"", ""email"": ""keegankdolan@gmail.com"", ""name"": ""Keegan Dolan""}",2025-09-13T17:25:24.000Z,,rectFqhMxxcMQiOEd,snacks,,Snacks,count
reckO2BTrvThzTRv1,,recIZ9IzAUXgEJxuH,,2025-09-08T21:10:25.000Z,"{""id"": ""usrdgG7vRV8iqukqL"", ""email"": ""keegankdolan@gmail.com"", ""name"": ""Keegan Dolan""}",HKUnit.count(),cigarette,,"{""id"": ""usrdgG7vRV8iqukqL"", ""email"": ""keegankdolan@gmail.com"", ""name"": ""Keegan Dolan""}",2025-09-25T14:01:10.000Z,,"recUTSKv6IP9fqdfC, recFNgtZ66J1B5TrE",cigarettes,,Cigarettes,count
rec5jWyoBqRHumiGH,,rec7xh74qIPjW6yPG,,2025-09-08T21:10:31.000Z,"{""id"": ""usrdgG7vRV8iqukqL"", ""email"": ""keegankdolan@gmail.com"", ""name"": ""Keegan Dolan""}",HKUnit.count(),drink,,"{""id"": ""usrdgG7vRV8iqukqL"", ""email"": ""keegankdolan@gmail.com"", ""name"": ""Keegan Dolan""}",2025-09-25T14:01:12.000Z,,"rec4smaQXx1XCrH1O, recpUlSiBErxZvAVW",drinks,,Drinks,count
rec1ZZgOZq5zX0ECi,,"recuUjz6JHSSuU8js, recNSnIxYyYcb7ITc, recjKCkbzkzu3Zy41, recryCTgMZ3E2TQ1J",,2025-09-08T21:10:42.000Z,"{""id"": ""usrdgG7vRV8iqukqL"", ""email"": ""keegankdolan@gmail.com"", ""name"": ""Keegan Dolan""}",HKUnit.count(),episode,,"{""id"": ""usrdgG7vRV8iqukqL"", ""email"": ""keegankdolan@gmail.com"", ""name"": ""Keegan Dolan""}",2025-09-14T18:26:42.000Z,,rec0yBwRZHjQDKI8w,episodes,,Episodes,count
recVmvOSoUXFn4kWh,,,,2025-09-08T21:11:19.000Z,"{""id"": ""usrdgG7vRV8iqukqL"", ""email"": ""keegankdolan@gmail.com"", ""name"": ""Keegan Dolan""}",HKUnit.count(),stroke,,"{""id"": ""usrdgG7vRV8iqukqL"", ""email"": ""keegankdolan@gmail.com"", ""name"": ""Keegan Dolan""}",2025-09-10T13:15:02.000Z,,,strokes,,Strokes,count
rec9LR7aFNOcSCOKK,,,,2025-09-08T21:11:35.000Z,"{""id"": ""usrdgG7vRV8iqukqL"", ""email"": ""keegankdolan@gmail.com"", ""name"": ""Keegan Dolan""}",HKUnit.count(),puff,,"{""id"": ""usrdgG7vRV8iqukqL"", ""email"": ""keegankdolan@gmail.com"", ""name"": ""Keegan Dolan""}",2025-09-10T13:15:02.000Z,,,puffs,,Puffs,count
rec7caIW6FZzR9uNt,,,,2025-09-08T21:11:39.000Z,"{""id"": ""usrdgG7vRV8iqukqL"", ""email"": ""keegankdolan@gmail.com"", ""name"": ""Keegan Dolan""}",HKUnit.count(),food,,"{""id"": ""usrdgG7vRV8iqukqL"", ""email"": ""keegankdolan@gmail.com"", ""name"": ""Keegan Dolan""}",2025-09-14T15:19:42.000Z,,,foods,,Foods,count
recN88d12numbm8Wf,,,,2025-09-08T21:12:14.000Z,"{""id"": ""usrdgG7vRV8iqukqL"", ""email"": ""keegankdolan@gmail.com"", ""name"": ""Keegan Dolan""}",HKUnit.count().unitDivided(by: HKUnit.literUnit(with: .micro)),million_per_microliter,"reczzRfBu9ncAMR0t, reccbpLVN4vOrNqVK, recNqwJ3TPKbsLgVn, recUn6EQTtkOIB03v, recCFmqzWHi9x2XrA, recCQv0G1SQzecQyx, recFFGeGDhW0p9Cta, recumClw2Dd0jnFSH, recH90eHSMT00i176, rec8hll3vY0eKNTBb, recowfkVCOhuvtddr, recYZ5EtF3hx2YGrx, rec6x5IihthPOSQL2, recFXbqLvSyj9mlO6","{""id"": ""usrdgG7vRV8iqukqL"", ""email"": ""keegankdolan@gmail.com"", ""name"": ""Keegan Dolan""}",2025-09-10T13:15:02.000Z,,,million/µL,,Million/μL,count
rec1jWXkRcC6pK8Au,,,,2025-09-08T21:23:38.000Z,"{""id"": ""usrdgG7vRV8iqukqL"", ""email"": ""keegankdolan@gmail.com"", ""name"": ""Keegan Dolan""}",HKUnit.count().unitDivided(by: HKUnit.minute()),steps_per_minute,,"{""id"": ""usrdgG7vRV8iqukqL"", ""email"": ""keegankdolan@gmail.com"", ""name"": ""Keegan Dolan""}",2025-09-10T13:15:02.000Z,,,steps/min,,Steps per Minute,count
recLchvv5oHiyA236,,"rec4SIuNTsoKcIYwj, recZuFwAE8HANtMy8, reczD2kuUQSd7Ke6F, recknNj3bejPa9gNc, recLj5GYHqYiTC4jo, rec2NMcnuZ4ieBXnr, recGiUiUaID7mAdo0, rec1dTagH1GWgW9in, recxDkvF3GvJXSwer, recWQ5WqXRynWx7hM, recyZW0w8vSxqW6xb, recwsKy3htd1kN23q, recqo2sCnSEYTjVr8, reclSOi3jmyJCLxyM",,2025-09-08T21:31:39.000Z,"{""id"": ""usrdgG7vRV8iqukqL"", ""email"": ""keegankdolan@gmail.com"", ""name"": ""Keegan Dolan""}",HKUnit.count(),sources,,"{""id"": ""usrdgG7vRV8iqukqL"", ""email"": ""keegankdolan@gmail.com"", ""name"": ""Keegan Dolan""}",2025-09-24T01:36:22.000Z,,"recD2sdY7rzBPFKaf, rec89pI1KfH6tF8Yo, reckKP7lbdTDlCEeQ, recFc0mIL0x0jFNbf, recqYBPNLursRtRjA",sources,,Sources,count
recWneba4G6na5yeF,,,,2025-09-08T21:31:51.000Z,"{""id"": ""usrdgG7vRV8iqukqL"", ""email"": ""keegankdolan@gmail.com"", ""name"": ""Keegan Dolan""}",HKUnit.count(),sets,,"{""id"": ""usrdgG7vRV8iqukqL"", ""email"": ""keegankdolan@gmail.com"", ""name"": ""Keegan Dolan""}",2025-09-10T13:15:02.000Z,,,sets,,Sets,count
recls4HUBpRUaISd4,,,,2025-09-08T21:31:55.000Z,"{""id"": ""usrdgG7vRV8iqukqL"", ""email"": ""keegankdolan@gmail.com"", ""name"": ""Keegan Dolan""}",HKUnit.count(),packs_cigarettes,,"{""id"": ""usrdgG7vRV8iqukqL"", ""email"": ""keegankdolan@gmail.com"", ""name"": ""Keegan Dolan""}",2025-09-22T22:10:44.000Z,,,packs,,Packs (Cigarettes),count
recbdwGbG9tS1zBjK,,"recM2M3FOHj6kQF0c, recyxb2PbonwFK8ed",,2025-09-08T21:32:57.000Z,"{""id"": ""usrdgG7vRV8iqukqL"", ""email"": ""keegankdolan@gmail.com"", ""name"": ""Keegan Dolan""}",HKUnit.count(),event,,"{""id"": ""usrdgG7vRV8iqukqL"", ""email"": ""keegankdolan@gmail.com"", ""name"": ""Keegan Dolan""}",2025-09-25T13:42:53.000Z,,recVK8n9lTWwUEXFW,event,,Events,count
recWkZnTkGNbQaGqz,,,,2025-09-08T21:52:59.000Z,"{""id"": ""usrdgG7vRV8iqukqL"", ""email"": ""keegankdolan@gmail.com"", ""name"": ""Keegan Dolan""}",HKUnit.count(),times,,"{""id"": ""usrdgG7vRV8iqukqL"", ""email"": ""keegankdolan@gmail.com"", ""name"": ""Keegan Dolan""}",2025-09-10T13:15:02.000Z,,,times,,Times,count
recv2GuhbmM9UdNDp,,"recYfwbTR5ffyPtJ5, recxYTpaPnpi3YurX, recLdjNNDgqCo8nvF, rec5HCi82toNvbTLR, rec9g8qJoUQezJ3GJ, recEs3iBq3EP4d3yM",,2025-09-26T00:16:14.000Z,"{""id"": ""usrdgG7vRV8iqukqL"", ""email"": ""keegankdolan@gmail.com"", ""name"": ""Keegan Dolan""}",HKUnit.minute() ,minutes_since_midnight,,"{""id"": ""usrdgG7vRV8iqukqL"", ""email"": ""keegankdolan@gmail.com"", ""name"": ""Keegan Dolan""}",2025-09-26T02:32:06.000Z,recT4EkW33ksYbmcw,"rec3aaVy0dCKmrdxX, recftlzJ5y399ZpGW, recWctXUxSNalVoS2, reck0R6RIzd2fFZg6, recDYU7Wvc26S0Wd1, rechjXMe6voUasNyi, recEgGgnWikfgJQCK, recoJXgGewn22TdYN, recr27cK81GMzEumi, recsabXir2iLVANgq, rec0rZ7bwDGvhJLxh, recWsjQ3epvg7G96Z, recHnDnSi0HlAkaHC, recgUEyHGhdCCZM4L, rec4CBUv9ozkrYKte, rec66K8DbLitfQcJ6, rec1fxwQJNVEfEJnR, reculNMMdHAFMmQuS, rec1pouhm9gCCKy2q, recy6jfvK0EJHl3nk, receeP0kOhiz4Qum7, rec4MJVFJFgiRYAbv, recXOGQuDgD01OrBD, recX7R6HEnl4iT1wl, recUOTXVAtvUptmG9, recr5K9HTgUzaBMJJ, recX6EJNI7krSqycg, recYFiZ6ynGrbUhvw, recWIiIAkGDuUmpN2, recC00zMNCLN1OHq3, recL5EEu0YpmuBMqz, recxw2ZGFRT5cm4DR, reca1fQDUUol94cWp, recRqSUnvs2XZxEDb, recRQGiZUOgoJtNIL, rec3EBgsqJXxkmOvw, rechQ7eCuCItXpJ4p, rec678T9qm67hxjYs",HH:MM,,Time of Day,time
recQUkAvCWmbG4NmB,,,,2025-09-26T00:35:13.000Z,"{""id"": ""usrdgG7vRV8iqukqL"", ""email"": ""keegankdolan@gmail.com"", ""name"": ""Keegan Dolan""}",HKUnit.minute() ,datetime_combined,,"{""id"": ""usrdgG7vRV8iqukqL"", ""email"": ""keegankdolan@gmail.com"", ""name"": ""Keegan Dolan""}",2025-10-09T20:44:45.000Z,"recVBnB9mNNstK4qa, recTy6nZTnoUljJQs, recftlzJ5y399ZpGW, rec0yBwRZHjQDKI8w, recnQIsdQFp3wedHR, recIXNrpx6Ku5QYSI, recyPHEwuVedxPxh6, recMi1W2H0fBc2kdF, rec89pI1KfH6tF8Yo, rec0rSFQ8gP9rPSup, reckKP7lbdTDlCEeQ, rec9VOCYi7lD6QRU8, recunORvw3BNmaN4P, recI4eTx41D0cwi8S, rec0hOpS2ovZkzDPW, recdH5PDRI9HZlWNF, recD2sdY7rzBPFKaf, recwPxK8MnKe5NICN, recFc0mIL0x0jFNbf, recOGyfPPsAJH0a1z, recZb4SQfXZb0tMcT, rectMLBlRfTVKEUmJ, recFlBDZAW3xbNpPG, rec5nE0V1s7l7OHPx, recRs5IzM2ApHJYv0, recjzb5xcD3y5mxvM, recNjyT4Wj1DIqywi, reco9DeFYVedQuQ3V, rec92qNjhMWzybyB9, recaCw0rYWB00Tb0A, rec33hAbT2CCCkxB4, recqYBPNLursRtRjA, rec7CnfAEp6i9w5fV, reccKaclsbPfWXXMt, receglemHR2txoSXY, recvG4IX68oStyrs7, rec3aaVy0dCKmrdxX, recFrmVxswjNmCJV9, recxjUNLkHzLW8YWm, recvjrSGy17uAf4ol, recFhW0g2inNLpoOp, reccv2WcQ83SbPXVg, rechrdEDVSLtd0IFz, recUTSKv6IP9fqdfC, rec4smaQXx1XCrH1O, reccNjfbTVSlOHKyZ, recYyLk39mmLbOR0V, rec2IVMZ7Yju9I57T, recEaKu8B9EwoWH3z, recZ8eVdPUW7ERQKx, recrntdgXn3Q0gDph, recFpIjRypDHi4n78, reci2LOcA8vNf3dlx, recUi0wXzQXWfE8T8, recLRMTb7VbdtJDGf, recJj66RhX1E012hK, rec57VwF5UobL9wpP, recj5SU6yC4WLBPsy, recrI6gltvaeo8gT4, recJnV48zReiLbg8A, reca2k4jZkIFzokj8, rec6tUE4Ht7ivYWW4, rece9ryJ5XZU3SOoG, recB0N9gXMJvjBuf0, recXsLFqlvirodf3v, recbJtMU9vkPxJQPt, recxZlijql3VE6Wer, rec7A4ut8tAGpH08t, recet20Hz7MRvKrnX, reccJFLbgvua3oPuH, recPJ7UHt3bhhGOLd, recEoaPcs3PtwZp4f, recxpJLGC2zA9qayR, recBotbLQNNXK9i4A, recvNRPTlljTNKUM0, rec5v7aQstJoHvfR5, rec4hVar4q19KHy2M, recBTXaE1gq7kgUx5, reciZq0r6l3FkWboG, recRSToDEGkn2mQLO, recNwinUlf4CV7O2W, recilt99MgODQfso1, recW9arwmvO30b1Nd, rech0Uce0czmYkICn, recTYlpJwpFuh5uKY, rec49U7ZBMQyCcOXu, recHA0f2pG71FMtAH, recq2YBMyorvAuzvP, rec9AostBgrZxi3i0, recJKP1SjhWodVgoH, recfuIX6ONYn8wiIH, recZk44R2czkRhCCY, recR7QNubFWRM4Oh6, recyze5tnWpVZIddy, recuRM5ZKlUBTcMs1, recevsUOrkLDX4F1W, recf32LxkO3IcZNAg, rec4YEGZN1jySu85K, recXbc15Mc8XLDSTj, recikczqii1W9j8SO, recBMrcIxDDaUO8tu, recQTjAIs6NWvGkJ2, recMgbShgFDgIwEdh, rec6UbHMykVPWUVWs, recJgvnHIeSAx1nyv, rec3tVT2z0mKKpIcj, recBsT2KzNv9jp3az, recc9suXYpbUpzcfJ, recoeUskeCO0oXyrc, recsyA4Zf02hEaW7i, rec5WlVacpuH06WUF, rec9xOkiMfCTb54lQ, rec0jpovbe7N6O6jx, reca0Y3wSwV8pJd1C, recbIerJFM9gsvmpU, recu5U33jes3HRGmN, recazGXaK6K2S2sVu, recxDFZOBJkB5f7Fy, recH9Vr4dyZ50QREc, recU5uMCbySpWBj3u, recd7WvpEHIz8dmz9, recrAQuugfjCaqi9Y, rec4lZoqVESbkW0LS, recwL0WUhiszMjbkV, recYuDSO2vChsOLBm, rec4xdAS9loI8SijH, recRsrNBBlKKuFWTl, recDeBgsUixN5ntbe, recTqsHok2py5wPo8, recLWaZiB8serug7E, recQPlQDK0cehPB6l, recAvcj8V3itbOrxJ, recByBuEd77du86Hh, receOfjnkChXF7Thw, recFOWxveVB9ZQPrR, recO7O0ilfvE1mPP2, rec3IjlyDZOAJYkS9, rec5oSmtcF9EMdku2, recUTDWefJvHfCg2t, recPelrOkpKdOSYkL, reclNnbxiZ3SZhH5h, recKup33EsUPfaew1, recFJGanjQm1vlz5q, recjEaa8twya7jVMs, recWNZjUV4Wjp5zyb, recWtNeiHwJppyXHO, recP6jnzkxQdtHgi5, recNDSlUUiDf3HwbV, rec1fxwQJNVEfEJnR, rec1pouhm9gCCKy2q, receeP0kOhiz4Qum7, recXOGQuDgD01OrBD, recUOTXVAtvUptmG9, recX6EJNI7krSqycg, recWIiIAkGDuUmpN2, recL5EEu0YpmuBMqz, reca1fQDUUol94cWp, recRQGiZUOgoJtNIL, recDypVGSGQChtJpI, recWctXUxSNalVoS2, recDYU7Wvc26S0Wd1, recEgGgnWikfgJQCK, recr27cK81GMzEumi, rec0rZ7bwDGvhJLxh, reck0R6RIzd2fFZg6, rechjXMe6voUasNyi, recoJXgGewn22TdYN, recsabXir2iLVANgq, recWsjQ3epvg7G96Z, reculNMMdHAFMmQuS, recy6jfvK0EJHl3nk, rec4MJVFJFgiRYAbv, recX7R6HEnl4iT1wl, recr5K9HTgUzaBMJJ, recYFiZ6ynGrbUhvw, recC00zMNCLN1OHq3, recxw2ZGFRT5cm4DR, recRqSUnvs2XZxEDb, rec3EBgsqJXxkmOvw, rectFqhMxxcMQiOEd, recJFpHX4UHrL70R5, reciBtcIb0Nj7Y56B, recHnDnSi0HlAkaHC, rec4CBUv9ozkrYKte, recFNgtZ66J1B5TrE, recpUlSiBErxZvAVW, recVK8n9lTWwUEXFW, rechQ7eCuCItXpJ4p, recgUEyHGhdCCZM4L, rec66K8DbLitfQcJ6, rec678T9qm67hxjYs, recbOOlFtADXjf79s, recL1Vc10EwfI2iY5, recopMVRCCFGP21NR, recr5jzh11Uwa6Bnz, reczMNZnZ0hKQRrgD, recJIvIjeZtKwzX3V, recr6JAa4MhixQbWv, recoazbjKoKBrDApl, rec3iTwivChwy7qTS, reca5h9rTMkczZ6ir, recmpZ1e4P81c62At, recms3iE3ZabKx4R0, rec5MJjV4gIESOChE, recgr0OpLs2vDF6me, recwkLLmjxXYPxunf, recWbUVNl501eG0SR, rec8lmvEpwh7WQcfE, recNKKAajb7aZuMBY, recPG0JZ9MxaK25Ql","recmpZ1e4P81c62At, recms3iE3ZabKx4R0, rec5MJjV4gIESOChE, recgr0OpLs2vDF6me, recwkLLmjxXYPxunf, recWbUVNl501eG0SR, rec8lmvEpwh7WQcfE, reca5h9rTMkczZ6ir, recNKKAajb7aZuMBY, recPG0JZ9MxaK25Ql",MM/DD/YYYY HH:MM,,MM/DD/YYYY HH:MM,time
rec1YWXt84b8K9d7v,,,,2025-09-12T16:47:14.000Z,"{""id"": ""usrdgG7vRV8iqukqL"", ""email"": ""keegankdolan@gmail.com"", ""name"": ""Keegan Dolan""}",HKUnit.minute() ,date_year_month_day,,"{""id"": ""usrdgG7vRV8iqukqL"", ""email"": ""keegankdolan@gmail.com"", ""name"": ""Keegan Dolan""}",2025-09-26T23:15:02.000Z,"reclIACOAoPgkxf1c, rec7M0BSOQF0Fzboh, rechAZqsAO4Uhkfxf, rectuoyPRl4n3B1Ja, recBH6gBVH3HmK0ys, recx47dxhGwUUIhla, recSYc1LTY0BHWXTT, recLIN08wNZEJ1yHe, recyFUmQxEjjC8wub, recmK2HmyndL0dhIU, rec71SR1DmhXhQgd1","recmK2HmyndL0dhIU, reclIACOAoPgkxf1c, rec7M0BSOQF0Fzboh, rechAZqsAO4Uhkfxf, rectuoyPRl4n3B1Ja, recBH6gBVH3HmK0ys, recx47dxhGwUUIhla, recSYc1LTY0BHWXTT, recLIN08wNZEJ1yHe, recyFUmQxEjjC8wub, rec71SR1DmhXhQgd1",MM/DD/YYYY,,MM/DD/YYYY,time
recK5lguR5Q8gJQpV,minute,,1e-06,2025-09-08T21:23:57.000Z,"{""id"": ""usrdgG7vRV8iqukqL"", ""email"": ""keegankdolan@gmail.com"", ""name"": ""Keegan Dolan""}",HKUnit.secondUnit(with: .micro),microsecond,,"{""id"": ""usrdgG7vRV8iqukqL"", ""email"": ""keegankdolan@gmail.com"", ""name"": ""Keegan Dolan""}",2025-09-13T16:54:50.000Z,,,μs,,Microseconds,time
recbZOjpwRFoJ7tMC,minute,,0.001,2025-09-08T21:09:40.000Z,"{""id"": ""usrdgG7vRV8iqukqL"", ""email"": ""keegankdolan@gmail.com"", ""name"": ""Keegan Dolan""}",HKUnit.secondUnit(with: .milli),millisecond,,"{""id"": ""usrdgG7vRV8iqukqL"", ""email"": ""keegankdolan@gmail.com"", ""name"": ""Keegan Dolan""}",2025-09-13T16:54:50.000Z,,recLRMTb7VbdtJDGf,ms,,Milliseconds,time
reci8lzXFTMXAPlsZ,minute,,0.016667,2025-09-08T21:21:25.000Z,"{""id"": ""usrdgG7vRV8iqukqL"", ""email"": ""keegankdolan@gmail.com"", ""name"": ""Keegan Dolan""}",HKUnit.second(),second,,"{""id"": ""usrdgG7vRV8iqukqL"", ""email"": ""keegankdolan@gmail.com"", ""name"": ""Keegan Dolan""}",2025-09-13T16:54:50.000Z,,,s,,Seconds,time
recLNmY0jLZKxr5fs,second,"rec5l3sqi70yjgT6R, recaVayIeSXf4BpyD, recE2TmAKpgZPmcXo, recQOKlFS6dtSxRt5, reckvpJYgWii4YwAl, recEC5TJNKMV5KA5p, recpALziQzAAIg97v, rec0023SpErq3vuHH, recG6Oe2w1zBpxxMu, recK25xzjBBpVXf1L, rec6pxIMWMet3Y8Oo, recIDeGzWueGUUdhc, recFV8cJzzKkssCLV, recgqjohJGR0tC2ZD, recCPLy7pF7RskXm2, recCxGdWa5gkHU5P3, recorhKdkLw48IZuk, recimqTiUHbJgbBbz, recYK1q7YWBttAaaL, recnKn6LYQ4EU4s3k, recKUsJsFjKfnr6bK, recHJ6ldoyJpDAf8y, recTAYD8mSkrJzilP, recH8rJ5V8ckrnZrN, recJScF9tScoW22bq, recHZz8EK01pfnYfc, recOhfe6gLgdiVgBE, recytedVwBRbdQsfd, recX9E06jRhzvV28w, recrezZqWmW9TWdcH, recBNMHX5VFNgZATI, recDy9h2pZ35CDOC3, recr5lxS2yXlGj8zY, rechM9DcA8o7EqgtX, reccwB3ZNC6UnS5zd, rec4aHf62ykJfJlw9, recAyaqCbBnRzB6iG, recEUyoJVMFaaSpPW, recP2RIenTY7aVxNY, recP9cCsNlJ39ypyO, recCXbDWWfDun1mtM, recnvkyseBO820wgy, rec1Uw06w4Baby9NY, recfs48w8KpU74iyS, rec2EFXQeWcZ239Av, recBzc8z4DLRbsILl, recZhKXtGSQqdm7Z7, rechBpq61GFZyiRsy, recEhc2uKow1tRDYK, rec6M1wktUUtTkPHW, reccutaRC9q4pbTSb, recoH7f11xvAAnEIK",60,2025-09-08T19:26:16.000Z,"{""id"": ""usrdgG7vRV8iqukqL"", ""email"": ""keegankdolan@gmail.com"", ""name"": ""Keegan Dolan""}",HKUnit.minute(),minutes,,"{""id"": ""usrdgG7vRV8iqukqL"", ""email"": ""keegankdolan@gmail.com"", ""name"": ""Keegan Dolan""}",2025-10-09T21:31:34.000Z,,,min,,Minutes,time
reckolm0WELYWYy5d,minute,"rec2vrtjlYXnqlvpr, recuYoFcLSUuqXnvi, recNyjVFxPUtmKTSf, rec3QVJMUpMyOeFPK, recB53h7qRC5EuLn1, recHHxATYu7JAyb0x, rec42MxeJM9MES7ug",60,2025-09-08T21:09:14.000Z,"{""id"": ""usrdgG7vRV8iqukqL"", ""email"": ""keegankdolan@gmail.com"", ""name"": ""Keegan Dolan""}",HKUnit.hour(),hours,,"{""id"": ""usrdgG7vRV8iqukqL"", ""email"": ""keegankdolan@gmail.com"", ""name"": ""Keegan Dolan""}",2025-09-15T06:59:32.000Z,,,hr,,Hours,time
rectWwH0NsRloq82n,,recOb7Wmk2eWh8YNl,,2025-09-08T21:33:09.000Z,"{""id"": ""usrdgG7vRV8iqukqL"", ""email"": ""keegankdolan@gmail.com"", ""name"": ""Keegan Dolan""}",HKUnit.hour().unitMultiplied(by: .minute()),hours_minutes,,"{""id"": ""usrdgG7vRV8iqukqL"", ""email"": ""keegankdolan@gmail.com"", ""name"": ""Keegan Dolan""}",2025-09-26T02:30:14.000Z,,,H+M,,Time (HH:MM),time
recWeakIj1DWt6fzi,hour,,24,2025-09-08T21:10:48.000Z,"{""id"": ""usrdgG7vRV8iqukqL"", ""email"": ""keegankdolan@gmail.com"", ""name"": ""Keegan Dolan""}",HKUnit.day(),day,,"{""id"": ""usrdgG7vRV8iqukqL"", ""email"": ""keegankdolan@gmail.com"", ""name"": ""Keegan Dolan""}",2025-09-26T00:53:42.000Z,,,days,,Days,time
recMRr2lyt7rzSHWy,day,"recIT4ThuaKu4YE2j, recQWR5P4cNUsZUsd, recbtISQHAs3VnqIa, recdz9H77ndRitj9L, recHrKqMJmZjkTfPu, recxdFEfFLPMnK0EC",,2025-09-11T17:30:55.000Z,"{""id"": ""usrdgG7vRV8iqukqL"", ""email"": ""keegankdolan@gmail.com"", ""name"": ""Keegan Dolan""}",HKUnit.day().unitMultiplied(by: 365.25),years,"recje0hsg2RUf0sNS, recPAkzf8akrOHndt, recaKBDp7ygDl5UZF, recA5mm2pvyUYjXMA, recr6FA0QlzJI0QBe, recDt9Wzq7lnSK1Vq, recg3BWKPMXiSQMo9, recVnjDFCQmYXAa4k, recNYn0Ru3771CEvr, recJ3jbCTcLh2p5he","{""id"": ""usrdgG7vRV8iqukqL"", ""email"": ""keegankdolan@gmail.com"", ""name"": ""Keegan Dolan""}",2025-10-06T16:51:27.000Z,,,years,,Years,time
recDcfTPlGTzhFvwn,day,"recHR608YlFVn11tf, recKo2MQWZYwYzDaI, recNmk3nm4Ydx7bXa, recSx1jCkPMJ09JCD, recVgq9CD3dSpVuxL",,2025-09-11T17:31:01.000Z,"{""id"": ""usrdgG7vRV8iqukqL"", ""email"": ""keegankdolan@gmail.com"", ""name"": ""Keegan Dolan""}",HKUnit.day().unitMultiplied(by: 30.44),months,,"{""id"": ""usrdgG7vRV8iqukqL"", ""email"": ""keegankdolan@gmail.com"", ""name"": ""Keegan Dolan""}",2025-09-14T18:26:42.000Z,,,months,,Months,time
recTzE4dRmCnxlpkv,,,,2025-09-11T17:31:06.000Z,"{""id"": ""usrdgG7vRV8iqukqL"", ""email"": ""keegankdolan@gmail.com"", ""name"": ""Keegan Dolan""}",HKUnit.day(),years_months,,"{""id"": ""usrdgG7vRV8iqukqL"", ""email"": ""keegankdolan@gmail.com"", ""name"": ""Keegan Dolan""}",2025-09-11T17:31:06.000Z,,,Y+M,,Years and Months,time
recAqnPNZzDG0XRiu,,,,2025-09-11T17:32:17.000Z,"{""id"": ""usrdgG7vRV8iqukqL"", ""email"": ""keegankdolan@gmail.com"", ""name"": ""Keegan Dolan""}",HKUnit.day(),years_months_days,,"{""id"": ""usrdgG7vRV8iqukqL"", ""email"": ""keegankdolan@gmail.com"", ""name"": ""Keegan Dolan""}",2025-09-14T18:26:42.000Z,,,Y-M-D,,"Years, Months, Days",time
recn8GfgZeExUHuTI,,,,2025-09-11T17:32:22.000Z,"{""id"": ""usrdgG7vRV8iqukqL"", ""email"": ""keegankdolan@gmail.com"", ""name"": ""Keegan Dolan""}",HKUnit.day(),months_days,,"{""id"": ""usrdgG7vRV8iqukqL"", ""email"": ""keegankdolan@gmail.com"", ""name"": ""Keegan Dolan""}",2025-09-11T17:32:22.000Z,,,M-D,,"Months, Days",time
rec8ydSt4pibMDeRD,,recvcfe7uiuqIDjKi,,2025-09-08T21:08:46.000Z,"{""id"": ""usrdgG7vRV8iqukqL"", ""email"": ""keegankdolan@gmail.com"", ""name"": ""Keegan Dolan""}",HKUnit.kilocalorie(),kilocalorie,,"{""id"": ""usrdgG7vRV8iqukqL"", ""email"": ""keegankdolan@gmail.com"", ""name"": ""Keegan Dolan""}",2025-09-14T18:26:42.000Z,,reccKaclsbPfWXXMt,kcal,,Calories,energy
recOyyqC4kH9mvkQU,kilocalorie,,0.000293,2025-09-08T21:11:16.000Z,"{""id"": ""usrdgG7vRV8iqukqL"", ""email"": ""keegankdolan@gmail.com"", ""name"": ""Keegan Dolan""}",HKUnit.watt(),watts,,"{""id"": ""usrdgG7vRV8iqukqL"", ""email"": ""keegankdolan@gmail.com"", ""name"": ""Keegan Dolan""}",2025-09-13T16:54:50.000Z,,,W,,Watts,energy
rec4yCABdHJbxYSPw,kilocalorie,,0.000239,2025-09-08T21:21:28.000Z,"{""id"": ""usrdgG7vRV8iqukqL"", ""email"": ""keegankdolan@gmail.com"", ""name"": ""Keegan Dolan""}",HKUnit.joule(),joule,,"{""id"": ""usrdgG7vRV8iqukqL"", ""email"": ""keegankdolan@gmail.com"", ""name"": ""Keegan Dolan""}",2025-09-13T16:54:50.000Z,,,J,,Joules,energy
reccGUTbAM7RwdYoA,joule,,1000,2025-09-08T21:21:33.000Z,"{""id"": ""usrdgG7vRV8iqukqL"", ""email"": ""keegankdolan@gmail.com"", ""name"": ""Keegan Dolan""}",HKUnit.jouleUnit(with: .kilo),kilojoule,,"{""id"": ""usrdgG7vRV8iqukqL"", ""email"": ""keegankdolan@gmail.com"", ""name"": ""Keegan Dolan""}",2025-09-10T13:15:02.000Z,,,kJ,,Kilojoules,energy
rec2d9lGEe14bjNAG,kilocalorie,,1,2025-09-08T21:21:36.000Z,"{""id"": ""usrdgG7vRV8iqukqL"", ""email"": ""keegankdolan@gmail.com"", ""name"": ""Keegan Dolan""}",HKUnit.largeCalorie(),large_calorie,,"{""id"": ""usrdgG7vRV8iqukqL"", ""email"": ""keegankdolan@gmail.com"", ""name"": ""Keegan Dolan""}",2025-09-10T13:15:02.000Z,,,Cal,,Calories (Large),energy
rec2IN2DHTd56w2eV,kilocalorie,,0.001,2025-09-08T21:21:40.000Z,"{""id"": ""usrdgG7vRV8iqukqL"", ""email"": ""keegankdolan@gmail.com"", ""name"": ""Keegan Dolan""}",HKUnit.smallCalorie(),small_calorie,,"{""id"": ""usrdgG7vRV8iqukqL"", ""email"": ""keegankdolan@gmail.com"", ""name"": ""Keegan Dolan""}",2025-09-10T13:15:02.000Z,,,cal,,Calories (Small),energy
recLqLlb9Qi2uFwYb,watts,,1000,2025-09-08T21:23:30.000Z,"{""id"": ""usrdgG7vRV8iqukqL"", ""email"": ""keegankdolan@gmail.com"", ""name"": ""Keegan Dolan""}",HKUnit.wattUnit(with: .kilo),kilowatt,,"{""id"": ""usrdgG7vRV8iqukqL"", ""email"": ""keegankdolan@gmail.com"", ""name"": ""Keegan Dolan""}",2025-09-10T13:15:02.000Z,,,kW,,Kilowatts,energy
rec2fcKfSgvKQYBvt,,,,2025-09-08T21:23:47.000Z,"{""id"": ""usrdgG7vRV8iqukqL"", ""email"": ""keegankdolan@gmail.com"", ""name"": ""Keegan Dolan""}",HKUnit.kilocalorie().unitDivided(by: HKUnit.gram()),calories_per_gram,,"{""id"": ""usrdgG7vRV8iqukqL"", ""email"": ""keegankdolan@gmail.com"", ""name"": ""Keegan Dolan""}",2025-09-10T13:15:02.000Z,,,kcal/g,,Calories per Gram,energy
recIIRqObbADMucrw,,"recfu2uyTnGXRDE4u, recwzQVaHdpJnCmDs, recxn1733dm1R50gf, reczdZJwaqtDPMTj6, recIL0Nafn1LUEmuP, recpmgUccsnHhCXlB, recrEwPEq3Sf89w1G, recZqHtxhGCZHopVA, recWZStZb2YS7HQmP, recpgHeU0NxppfOcj, recMPV3wtzdP3mLvy, recLOXjbhasXZaHgb, rec84zm52CcxjvPKl, recF8U0ioLdmxkW5F, recTbaXkNEgGZ9RjY",,2025-09-08T19:28:08.000Z,"{""id"": ""usrdgG7vRV8iqukqL"", ""email"": ""keegankdolan@gmail.com"", ""name"": ""Keegan Dolan""}",HKUnit.percent(),percent,"recIb4QkScz9v2TIv, rec9Pl4t9AYwh3qKN, rec6IiM17zEbMGz44, rec54u3jRkBOjGFWN, rect8hhIt4u3mRl02, recHYVWWdbi4ZB3n2, recmdOWlyvqBthbJu, recma7gwiZ69weJyG, recYB9B8f0lMFR3V4, rec6pOishBfBlE2ky, rec3f6Et1HcuBvSNI, recxKzlkw7NCuHxSr, rec0rG5I2nxnp5LxW, recReYEGLLU2tM9vW, recbNzquZmH1UIsOz, recli03KLzw3AAX6C, recQ1iMPwBDDwimbs, recu3AnBZaXqp56OR, rec9zk8ogots6uagu, rec9BTItr2TsKoQ7f, recKAH9WMmHRXpA5O, recQIOEtzja9MXIv1, recogYQGTeBYB06kl, recNbDbeg477m80Tq, recy7IsXykhhq6U0V, recdDF2iK8ZDM6m72, recJTzCVYBGcHs2mk, rec2kxACQCXIX9DkP, recvunjoMxDxoVrI2, recvNONIssgnwxBFD, recynyeSx0U9k8O8v, recJB9A3fv5nzobFI, rec06uaLpgU8QnjVh, rec2ey5rGWs73RX5F, recqctHwdCxZnrP39, recHyJ3Ga2NmAaSXh, rec3SSnXJikygIS81, recyWkfI900QW28eG, rec9cB2Stppo5MYay","{""id"": ""usrdgG7vRV8iqukqL"", ""email"": ""keegankdolan@gmail.com"", ""name"": ""Keegan Dolan""}",2025-10-09T21:31:47.000Z,,"recrntdgXn3Q0gDph, rec57VwF5UobL9wpP",%,,Percent,percent
recA2gcdmKsUvltfB,,,,2025-09-08T21:31:47.000Z,"{""id"": ""usrdgG7vRV8iqukqL"", ""email"": ""keegankdolan@gmail.com"", ""name"": ""Keegan Dolan""}",HKUnit.percent(),percent_gait_cycle,,"{""id"": ""usrdgG7vRV8iqukqL"", ""email"": ""keegankdolan@gmail.com"", ""name"": ""Keegan Dolan""}",2025-09-10T13:15:02.000Z,,,% gait,,Percent of Gait Cycle,percent
recbdty4D6OYtpLmT,,,,2025-09-08T21:09:53.000Z,"{""id"": ""usrdgG7vRV8iqukqL"", ""email"": ""keegankdolan@gmail.com"", ""name"": ""Keegan Dolan""}",HKUnit.count(),scale_1_3,,"{""id"": ""usrdgG7vRV8iqukqL"", ""email"": ""keegankdolan@gmail.com"", ""name"": ""Keegan Dolan""}",2025-09-10T13:15:02.000Z,,,(1-3),,Scale (1-3),scale
recNogof0xDKxGPOr,,"rec8dtmC937ACy6fU, recypqIJSutp0DSIP, recFs2eVDA82L4C42, recpWQ1sXPOPf4BOM, recrfCrEg0e31v400",,2025-09-08T21:09:57.000Z,"{""id"": ""usrdgG7vRV8iqukqL"", ""email"": ""keegankdolan@gmail.com"", ""name"": ""Keegan Dolan""}",HKUnit.count(),scale_1_5,,"{""id"": ""usrdgG7vRV8iqukqL"", ""email"": ""keegankdolan@gmail.com"", ""name"": ""Keegan Dolan""}",2025-09-14T18:26:42.000Z,,"rec2IVMZ7Yju9I57T, recEaKu8B9EwoWH3z, recvG4IX68oStyrs7, reccNjfbTVSlOHKyZ, recYyLk39mmLbOR0V",(1-5),,Scale (1-5),scale
reci93kd58OkMlloo,,,,2025-09-08T21:10:00.000Z,"{""id"": ""usrdgG7vRV8iqukqL"", ""email"": ""keegankdolan@gmail.com"", ""name"": ""Keegan Dolan""}",HKUnit.count(),scale_1_10,,"{""id"": ""usrdgG7vRV8iqukqL"", ""email"": ""keegankdolan@gmail.com"", ""name"": ""Keegan Dolan""}",2025-09-10T13:15:02.000Z,,,(1-10),,Scale (1-10),scale
reckfzRMQaMeq8K3E,,,,2025-09-08T21:22:41.000Z,"{""id"": ""usrdgG7vRV8iqukqL"", ""email"": ""keegankdolan@gmail.com"", ""name"": ""Keegan Dolan""}",HKUnit.appleEffortScore(),apple_effort_score,,"{""id"": ""usrdgG7vRV8iqukqL"", ""email"": ""keegankdolan@gmail.com"", ""name"": ""Keegan Dolan""}",2025-09-10T13:15:02.000Z,,,effort,,Apple Effort Score,scale
rec31yfRXZnqqL1AZ,,,,2025-09-08T21:32:04.000Z,"{""id"": ""usrdgG7vRV8iqukqL"", ""email"": ""keegankdolan@gmail.com"", ""name"": ""Keegan Dolan""}",HKUnit.count(),intensity_category,,"{""id"": ""usrdgG7vRV8iqukqL"", ""email"": ""keegankdolan@gmail.com"", ""name"": ""Keegan Dolan""}",2025-09-10T13:15:02.000Z,,,intensity,,Intensity Level,scale
rec2BUK6ClcoCrPaD,,,,2025-09-08T21:32:08.000Z,"{""id"": ""usrdgG7vRV8iqukqL"", ""email"": ""keegankdolan@gmail.com"", ""name"": ""Keegan Dolan""}",HKUnit.count(),positive_negative,,"{""id"": ""usrdgG7vRV8iqukqL"", ""email"": ""keegankdolan@gmail.com"", ""name"": ""Keegan Dolan""}",2025-09-10T13:15:02.000Z,,,+/-,,Positive/Negative,scale
recmtocPNZ9C8IAA1,,,,2025-09-08T21:32:15.000Z,"{""id"": ""usrdgG7vRV8iqukqL"", ""email"": ""keegankdolan@gmail.com"", ""name"": ""Keegan Dolan""}",HKUnit.count(),change_from_baseline,,"{""id"": ""usrdgG7vRV8iqukqL"", ""email"": ""keegankdolan@gmail.com"", ""name"": ""Keegan Dolan""}",2025-09-10T13:15:02.000Z,,,Δ,,Change from Baseline,scale
rectJwVocjXTujIfW,,,,2025-09-08T21:32:32.000Z,"{""id"": ""usrdgG7vRV8iqukqL"", ""email"": ""keegankdolan@gmail.com"", ""name"": ""Keegan Dolan""}",HKUnit.count(),male,,"{""id"": ""usrdgG7vRV8iqukqL"", ""email"": ""keegankdolan@gmail.com"", ""name"": ""Keegan Dolan""}",2025-09-12T19:58:34.000Z,,recLTgr8FDPeRmjlN,M,,Male,scale
recSGXYX6avXEOf4h,,,,2025-09-08T21:32:35.000Z,"{""id"": ""usrdgG7vRV8iqukqL"", ""email"": ""keegankdolan@gmail.com"", ""name"": ""Keegan Dolan""}",HKUnit.count(),female,,"{""id"": ""usrdgG7vRV8iqukqL"", ""email"": ""keegankdolan@gmail.com"", ""name"": ""Keegan Dolan""}",2025-09-12T19:58:36.000Z,,recLTgr8FDPeRmjlN,F,,Female,scale
recffe5yzdiL0AGk1,,,,2025-09-08T21:32:45.000Z,"{""id"": ""usrdgG7vRV8iqukqL"", ""email"": ""keegankdolan@gmail.com"", ""name"": ""Keegan Dolan""}",HKUnit.count(),medium,,"{""id"": ""usrdgG7vRV8iqukqL"", ""email"": ""keegankdolan@gmail.com"", ""name"": ""Keegan Dolan""}",2025-09-10T13:15:02.000Z,,,medium,,Medium,scale
rec8yxvuPAWV4bHFd,,,,2025-09-08T21:32:48.000Z,"{""id"": ""usrdgG7vRV8iqukqL"", ""email"": ""keegankdolan@gmail.com"", ""name"": ""Keegan Dolan""}",HKUnit.count(),light,,"{""id"": ""usrdgG7vRV8iqukqL"", ""email"": ""keegankdolan@gmail.com"", ""name"": ""Keegan Dolan""}",2025-09-10T13:15:02.000Z,,,light,,Light,scale
recja423QevBQ8XJt,,,,2025-09-08T21:32:52.000Z,"{""id"": ""usrdgG7vRV8iqukqL"", ""email"": ""keegankdolan@gmail.com"", ""name"": ""Keegan Dolan""}",HKUnit.count(),heavy,,"{""id"": ""usrdgG7vRV8iqukqL"", ""email"": ""keegankdolan@gmail.com"", ""name"": ""Keegan Dolan""}",2025-09-10T13:15:02.000Z,,,heavy,,Heavy,scale
recdbuOZwJV3OW51l,,,,2025-09-08T21:59:54.000Z,"{""id"": ""usrdgG7vRV8iqukqL"", ""email"": ""keegankdolan@gmail.com"", ""name"": ""Keegan Dolan""}",HKUnit.count(),categorical,,"{""id"": ""usrdgG7vRV8iqukqL"", ""email"": ""keegankdolan@gmail.com"", ""name"": ""Keegan Dolan""}",2025-09-10T13:15:02.000Z,,,category,,Categories,scale
recCKjudHRVdIvmNw,,,,2025-09-08T21:09:06.000Z,"{""id"": ""usrdgG7vRV8iqukqL"", ""email"": ""keegankdolan@gmail.com"", ""name"": ""Keegan Dolan""}",HKUnit.millimeterOfMercury(),mmhg,,"{""id"": ""usrdgG7vRV8iqukqL"", ""email"": ""keegankdolan@gmail.com"", ""name"": ""Keegan Dolan""}",2025-10-09T20:37:53.000Z,,"recopMVRCCFGP21NR, recr5jzh11Uwa6Bnz",mmHg,,mmHg,pressure
reczO0x3NPpVSFqwG,,,,2025-09-08T21:21:44.000Z,"{""id"": ""usrdgG7vRV8iqukqL"", ""email"": ""keegankdolan@gmail.com"", ""name"": ""Keegan Dolan""}",HKUnit.pascal(),pascal,,"{""id"": ""usrdgG7vRV8iqukqL"", ""email"": ""keegankdolan@gmail.com"", ""name"": ""Keegan Dolan""}",2025-09-10T13:15:02.000Z,,,Pa,,Pascals,pressure
recmfF10MV7B9JzS2,,,,2025-09-08T21:21:48.000Z,"{""id"": ""usrdgG7vRV8iqukqL"", ""email"": ""keegankdolan@gmail.com"", ""name"": ""Keegan Dolan""}",HKUnit.inchesOfMercury(),inches_mercury,,"{""id"": ""usrdgG7vRV8iqukqL"", ""email"": ""keegankdolan@gmail.com"", ""name"": ""Keegan Dolan""}",2025-09-10T13:15:02.000Z,,,inHg,,Inches of Mercury,pressure
recC8tCJ98gcoX9wQ,,,,2025-09-08T21:21:51.000Z,"{""id"": ""usrdgG7vRV8iqukqL"", ""email"": ""keegankdolan@gmail.com"", ""name"": ""Keegan Dolan""}",HKUnit.centimeterOfWater(),centimeter_water,,"{""id"": ""usrdgG7vRV8iqukqL"", ""email"": ""keegankdolan@gmail.com"", ""name"": ""Keegan Dolan""}",2025-09-10T13:15:02.000Z,,,cmH2O,,Centimeters of Water,pressure
rec19HlexcPWyZte2,,,,2025-09-08T21:21:55.000Z,"{""id"": ""usrdgG7vRV8iqukqL"", ""email"": ""keegankdolan@gmail.com"", ""name"": ""Keegan Dolan""}",HKUnit.atmosphere(),atmosphere,,"{""id"": ""usrdgG7vRV8iqukqL"", ""email"": ""keegankdolan@gmail.com"", ""name"": ""Keegan Dolan""}",2025-09-10T13:15:02.000Z,,,atm,,Atmospheres,pressure
recKuROCq9jjVZ3x4,,,,2025-09-08T21:10:13.000Z,"{""id"": ""usrdgG7vRV8iqukqL"", ""email"": ""keegankdolan@gmail.com"", ""name"": ""Keegan Dolan""}",HKUnit.meter().unitDivided(by: HKUnit.second()),meters_per_second,,"{""id"": ""usrdgG7vRV8iqukqL"", ""email"": ""keegankdolan@gmail.com"", ""name"": ""Keegan Dolan""}",2025-09-10T13:11:36.000Z,,,m/s,,m/s,speed
recxwYP0OwdjbrXsW,,,,2025-09-08T21:11:23.000Z,"{""id"": ""usrdgG7vRV8iqukqL"", ""email"": ""keegankdolan@gmail.com"", ""name"": ""Keegan Dolan""}",HKUnit.mile().unitDivided(by: HKUnit.hour()),miles_per_hour,,"{""id"": ""usrdgG7vRV8iqukqL"", ""email"": ""keegankdolan@gmail.com"", ""name"": ""Keegan Dolan""}",2025-09-10T13:11:36.000Z,,,mph,,mph,speed
recvDntfO5TwUrp8C,,,,2025-09-08T21:23:34.000Z,"{""id"": ""usrdgG7vRV8iqukqL"", ""email"": ""keegankdolan@gmail.com"", ""name"": ""Keegan Dolan""}",HKUnit.meterUnit(with: .kilo).unitDivided(by: HKUnit.hour()),kilometers_per_hour,,"{""id"": ""usrdgG7vRV8iqukqL"", ""email"": ""keegankdolan@gmail.com"", ""name"": ""Keegan Dolan""}",2025-09-10T13:11:36.000Z,,,km/h,,km/h,speed
rec7pF1npMWC9gCoM,,"recmEwolBmYixKs71, recjbSWMBqWaynFJQ, recmj64n7Kbt7c66T, recnFPsFwhY5iwRM5, recnrCnZw0eLsTrqh, recpihoFk1Oil2Zj0, recgfnn0lmJuo32eW, recpo90msSdH76ZT7, reczFF6vBLjOxw4Fc, reczY7QPX3FOKp74m, recfwGl0541VuBYDx, rec6XqppkTF35stEV, recActJ3sF8kbburU, reco96aJYzJadCR5x, recvZ2p8V4yZ52Mqc, recKPhd9HvDuo4CO5",,2025-09-08T21:10:35.000Z,"{""id"": ""usrdgG7vRV8iqukqL"", ""email"": ""keegankdolan@gmail.com"", ""name"": ""Keegan Dolan""}",HKUnit.count(),boolean,,"{""id"": ""usrdgG7vRV8iqukqL"", ""email"": ""keegankdolan@gmail.com"", ""name"": ""Keegan Dolan""}",2025-09-26T21:04:40.000Z,,recJFpHX4UHrL70R5,bool,,Yes/No,categorical
reclpRIzD8HQCSBHA,,,,2025-09-08T21:31:27.000Z,"{""id"": ""usrdgG7vRV8iqukqL"", ""email"": ""keegankdolan@gmail.com"", ""name"": ""Keegan Dolan""}",HKUnit.count(),null,"recMicqA4gpFyKbLo, recMyuMhsrLE5vsyn, recsRXMek1WnYQb4L, reczvJtEtH16z7qOW, recjaUOkwOGV1jNf7, recesb8xMt8jpxvnS, recBeY3Syr3OWxc7u, recOHSZkNScXMI2E1, recAMGE7vKcHiFiN8, recRnbbkpUz70sxgw, recD0eLzUSwc3dXKM, rec1mqnzur52lzSs1, recxjykHQYSnzUdeY, recAPiAw4ivGMR2qA","{""id"": ""usrdgG7vRV8iqukqL"", ""email"": ""keegankdolan@gmail.com"", ""name"": ""Keegan Dolan""}",2025-09-10T13:15:02.000Z,,,null,,No Data,categorical
recEFI3TJAmjth0ZC,,,,2025-09-08T21:31:31.000Z,"{""id"": ""usrdgG7vRV8iqukqL"", ""email"": ""keegankdolan@gmail.com"", ""name"": ""Keegan Dolan""}",HKUnit.count(),not_applicable,,"{""id"": ""usrdgG7vRV8iqukqL"", ""email"": ""keegankdolan@gmail.com"", ""name"": ""Keegan Dolan""}",2025-09-10T13:15:02.000Z,,,n/a,,Not Applicable,categorical
rec1n4glgtvYFqgwm,,,,2025-09-08T21:32:00.000Z,"{""id"": ""usrdgG7vRV8iqukqL"", ""email"": ""keegankdolan@gmail.com"", ""name"": ""Keegan Dolan""}",HKUnit.count(),tool_type,,"{""id"": ""usrdgG7vRV8iqukqL"", ""email"": ""keegankdolan@gmail.com"", ""name"": ""Keegan Dolan""}",2025-09-10T13:15:02.000Z,,,tool,,Tool Type,categorical
recGcjmQW8tWUfNDC,,,,2025-09-08T21:32:19.000Z,"{""id"": ""usrdgG7vRV8iqukqL"", ""email"": ""keegankdolan@gmail.com"", ""name"": ""Keegan Dolan""}",HKUnit.count(),activity_type,,"{""id"": ""usrdgG7vRV8iqukqL"", ""email"": ""keegankdolan@gmail.com"", ""name"": ""Keegan Dolan""}",2025-09-10T13:15:02.000Z,,,activity,,Activity Type,categorical
recHcM5PSpnAuTBDk,,,,2025-09-08T21:32:24.000Z,"{""id"": ""usrdgG7vRV8iqukqL"", ""email"": ""keegankdolan@gmail.com"", ""name"": ""Keegan Dolan""}",HKUnit.count(),game_type,,"{""id"": ""usrdgG7vRV8iqukqL"", ""email"": ""keegankdolan@gmail.com"", ""name"": ""Keegan Dolan""}",2025-09-10T13:15:02.000Z,,,game,,Game Type,categorical
recQsOlztVsHCeZ7y,,,,2025-09-08T21:32:28.000Z,"{""id"": ""usrdgG7vRV8iqukqL"", ""email"": ""keegankdolan@gmail.com"", ""name"": ""Keegan Dolan""}",HKUnit.count(),type_of_activity,,"{""id"": ""usrdgG7vRV8iqukqL"", ""email"": ""keegankdolan@gmail.com"", ""name"": ""Keegan Dolan""}",2025-09-10T13:15:02.000Z,,,type,,Activity Type,categorical
recrgN1AuoKEyNJmJ,,,,2025-09-08T21:32:41.000Z,"{""id"": ""usrdgG7vRV8iqukqL"", ""email"": ""keegankdolan@gmail.com"", ""name"": ""Keegan Dolan""}",HKUnit.count(),none,,"{""id"": ""usrdgG7vRV8iqukqL"", ""email"": ""keegankdolan@gmail.com"", ""name"": ""Keegan Dolan""}",2025-09-10T13:15:02.000Z,,,none,,None,categorical
recBxlFJLhqk5Ydb3,,,,2025-09-08T21:33:00.000Z,"{""id"": ""usrdgG7vRV8iqukqL"", ""email"": ""keegankdolan@gmail.com"", ""name"": ""Keegan Dolan""}",HKUnit.count(),text,,"{""id"": ""usrdgG7vRV8iqukqL"", ""email"": ""keegankdolan@gmail.com"", ""name"": ""Keegan Dolan""}",2025-09-10T13:15:02.000Z,,,text,,Text,categorical
recTcUTgOy0UwHUX9,,,,2025-09-08T21:10:05.000Z,"{""id"": ""usrdgG7vRV8iqukqL"", ""email"": ""keegankdolan@gmail.com"", ""name"": ""Keegan Dolan""}",HKUnit.decibelAWeightedSoundPressureLevel(),decibel,,"{""id"": ""usrdgG7vRV8iqukqL"", ""email"": ""keegankdolan@gmail.com"", ""name"": ""Keegan Dolan""}",2025-09-10T13:15:02.000Z,,,dB,,Decibels,measurement
recn4YikpGRbNOFtm,,,,2025-09-08T21:22:02.000Z,"{""id"": ""usrdgG7vRV8iqukqL"", ""email"": ""keegankdolan@gmail.com"", ""name"": ""Keegan Dolan""}",HKUnit.decibelHearingLevel(),decibel_hearing_level,,"{""id"": ""usrdgG7vRV8iqukqL"", ""email"": ""keegankdolan@gmail.com"", ""name"": ""Keegan Dolan""}",2025-09-10T13:15:02.000Z,,,dBHL,,dB HL,measurement
rec8ZE031FqoxkBrS,,,,2025-09-08T21:22:45.000Z,"{""id"": ""usrdgG7vRV8iqukqL"", ""email"": ""keegankdolan@gmail.com"", ""name"": ""Keegan Dolan""}",HKUnit.lux(),lux,,"{""id"": ""usrdgG7vRV8iqukqL"", ""email"": ""keegankdolan@gmail.com"", ""name"": ""Keegan Dolan""}",2025-09-10T13:15:02.000Z,,,lx,,Lux,measurement
recJWqWbuOdPqpNs3,,,,2025-09-08T21:22:14.000Z,"{""id"": ""usrdgG7vRV8iqukqL"", ""email"": ""keegankdolan@gmail.com"", ""name"": ""Keegan Dolan""}",HKUnit.diopter(),diopter,,"{""id"": ""usrdgG7vRV8iqukqL"", ""email"": ""keegankdolan@gmail.com"", ""name"": ""Keegan Dolan""}",2025-09-10T13:15:02.000Z,,,dpt,,Diopters,angle
recfhfreO5pycHa8H,,,,2025-09-08T21:22:18.000Z,"{""id"": ""usrdgG7vRV8iqukqL"", ""email"": ""keegankdolan@gmail.com"", ""name"": ""Keegan Dolan""}",HKUnit.prismDiopter(),prism_diopter,,"{""id"": ""usrdgG7vRV8iqukqL"", ""email"": ""keegankdolan@gmail.com"", ""name"": ""Keegan Dolan""}",2025-09-10T13:15:02.000Z,,,pd,,Prism Diopters,angle
reciglkR2ULiB5EwC,,,,2025-09-08T21:22:21.000Z,"{""id"": ""usrdgG7vRV8iqukqL"", ""email"": ""keegankdolan@gmail.com"", ""name"": ""Keegan Dolan""}",HKUnit.degreeAngle(),degree_angle,,"{""id"": ""usrdgG7vRV8iqukqL"", ""email"": ""keegankdolan@gmail.com"", ""name"": ""Keegan Dolan""}",2025-09-10T13:15:02.000Z,,,deg,,Degrees,angle
recSCNVkXsmvFIMST,,,,2025-09-08T21:22:25.000Z,"{""id"": ""usrdgG7vRV8iqukqL"", ""email"": ""keegankdolan@gmail.com"", ""name"": ""Keegan Dolan""}",HKUnit.radianAngle(),radian_angle,,"{""id"": ""usrdgG7vRV8iqukqL"", ""email"": ""keegankdolan@gmail.com"", ""name"": ""Keegan Dolan""}",2025-09-10T13:15:02.000Z,,,rad,,Radians,angle
recSfaN8sR1zfmrWr,,,,2025-09-08T21:12:36.000Z,"{""id"": ""usrdgG7vRV8iqukqL"", ""email"": ""keegankdolan@gmail.com"", ""name"": ""Keegan Dolan""}",HKUnit.siemenUnit(with: .micro),microsiemens,,"{""id"": ""usrdgG7vRV8iqukqL"", ""email"": ""keegankdolan@gmail.com"", ""name"": ""Keegan Dolan""}",2025-09-10T13:15:02.000Z,,,µS,,Microsiemens,electrical
recT09mI1ujbQ86Fn,,,,2025-09-08T21:22:29.000Z,"{""id"": ""usrdgG7vRV8iqukqL"", ""email"": ""keegankdolan@gmail.com"", ""name"": ""Keegan Dolan""}",HKUnit.siemen(),siemen,,"{""id"": ""usrdgG7vRV8iqukqL"", ""email"": ""keegankdolan@gmail.com"", ""name"": ""Keegan Dolan""}",2025-09-10T13:15:02.000Z,,,S,,Siemens,electrical
rec6hO77Qfh2thpDT,,,,2025-09-08T21:22:33.000Z,"{""id"": ""usrdgG7vRV8iqukqL"", ""email"": ""keegankdolan@gmail.com"", ""name"": ""Keegan Dolan""}",HKUnit.volt(),volt,,"{""id"": ""usrdgG7vRV8iqukqL"", ""email"": ""keegankdolan@gmail.com"", ""name"": ""Keegan Dolan""}",2025-09-10T13:15:02.000Z,,,V,,Volts,electrical
recxDBBVKxWpxoJvx,volt,,0.001,2025-09-08T21:22:37.000Z,"{""id"": ""usrdgG7vRV8iqukqL"", ""email"": ""keegankdolan@gmail.com"", ""name"": ""Keegan Dolan""}",HKUnit.voltUnit(with: .milli),millivolt,,"{""id"": ""usrdgG7vRV8iqukqL"", ""email"": ""keegankdolan@gmail.com"", ""name"": ""Keegan Dolan""}",2025-09-10T13:15:02.000Z,,,mV,,Millivolts,electrical
recnP2919FVTP6s8r,,,,2025-09-08T21:22:07.000Z,"{""id"": ""usrdgG7vRV8iqukqL"", ""email"": ""keegankdolan@gmail.com"", ""name"": ""Keegan Dolan""}",HKUnit.hertz(),hertz,,"{""id"": ""usrdgG7vRV8iqukqL"", ""email"": ""keegankdolan@gmail.com"", ""name"": ""Keegan Dolan""}",2025-09-10T13:15:02.000Z,,,Hz,,Hertz,frequency
recS7fkiDgtzYOEKb,hertz,,1000,2025-09-08T21:22:11.000Z,"{""id"": ""usrdgG7vRV8iqukqL"", ""email"": ""keegankdolan@gmail.com"", ""name"": ""Keegan Dolan""}",HKUnit.hertzUnit(with: .kilo),kilohertz,,"{""id"": ""usrdgG7vRV8iqukqL"", ""email"": ""keegankdolan@gmail.com"", ""name"": ""Keegan Dolan""}",2025-09-10T13:15:02.000Z,,,kHz,,Kilohertz,frequency
recxtH35wkPkaY6pM,,,,2025-09-08T21:08:59.000Z,"{""id"": ""usrdgG7vRV8iqukqL"", ""email"": ""keegankdolan@gmail.com"", ""name"": ""Keegan Dolan""}",HKUnit.degreeFahrenheit(),degrees_fahrenheit,,"{""id"": ""usrdgG7vRV8iqukqL"", ""email"": ""keegankdolan@gmail.com"", ""name"": ""Keegan Dolan""}",2025-09-10T13:11:36.000Z,,,°F,,°F,temperature
recm1EXvpqzl2aR9o,,,,2025-09-08T21:09:03.000Z,"{""id"": ""usrdgG7vRV8iqukqL"", ""email"": ""keegankdolan@gmail.com"", ""name"": ""Keegan Dolan""}",HKUnit.degreeCelsius(),degrees_celsius,,"{""id"": ""usrdgG7vRV8iqukqL"", ""email"": ""keegankdolan@gmail.com"", ""name"": ""Keegan Dolan""}",2025-09-10T13:11:36.000Z,,,°C,,°C,temperature
recu4upub2erz116f,,,,2025-09-08T21:21:58.000Z,"{""id"": ""usrdgG7vRV8iqukqL"", ""email"": ""keegankdolan@gmail.com"", ""name"": ""Keegan Dolan""}",HKUnit.kelvin(),kelvin,,"{""id"": ""usrdgG7vRV8iqukqL"", ""email"": ""keegankdolan@gmail.com"", ""name"": ""Keegan Dolan""}",2025-09-10T13:15:02.000Z,,,K,,Kelvin,temperature
recrBRjS7aT6IK47k,,"recoeTFC1BAxwhShl, recN3rFbUQqQ1yed7",,2025-09-14T18:26:42.000Z,"{""id"": ""usrdgG7vRV8iqukqL"", ""email"": ""keegankdolan@gmail.com"", ""name"": ""Keegan Dolan""}",HKUnit.count(),application,,"{""id"": ""usrdgG7vRV8iqukqL"", ""email"": ""keegankdolan@gmail.com"", ""name"": ""Keegan Dolan""}",2025-09-25T13:36:41.000Z,,,applications,,Applications,count
recDNemn7k3QA5HOk,,,,2025-09-22T20:49:18.000Z,"{""id"": ""usrdgG7vRV8iqukqL"", ""email"": ""keegankdolan@gmail.com"", ""name"": ""Keegan Dolan""}",HKUnit.count(),pack_vitamin,,"{""id"": ""usrdgG7vRV8iqukqL"", ""email"": ""keegankdolan@gmail.com"", ""name"": ""Keegan Dolan""}",2025-09-27T16:37:04.000Z,,recXsLFqlvirodf3v,pack(s),reckrfgH3SWyq4JJL,Packs (Vitamin),count
recqM7xXRKu5aGncY,,,,2025-09-22T20:52:52.000Z,"{""id"": ""usrdgG7vRV8iqukqL"", ""email"": ""keegankdolan@gmail.com"", ""name"": ""Keegan Dolan""}",HKUnit.count(),billion_CFU,,"{""id"": ""usrdgG7vRV8iqukqL"", ""email"": ""keegankdolan@gmail.com"", ""name"": ""Keegan Dolan""}",2025-09-27T16:37:04.000Z,,rec7A4ut8tAGpH08t,billion CFU,recTViLG7j4OyM1Jr,Billion CFU,count
recl4XFbiy3BbVQKE,,,,2025-09-22T21:13:30.000Z,"{""id"": ""usrdgG7vRV8iqukqL"", ""email"": ""keegankdolan@gmail.com"", ""name"": ""Keegan Dolan""}",HKUnit.count(),tablets,,"{""id"": ""usrdgG7vRV8iqukqL"", ""email"": ""keegankdolan@gmail.com"", ""name"": ""Keegan Dolan""}",2025-09-24T04:09:30.000Z,,"recu5U33jes3HRGmN, recazGXaK6K2S2sVu",tablets,,Tablets,count
recTzBVvTGBKg8nSv,,"recotgSzXqGTB3P3X, recnuBnAaWB6kVNZI",,2025-09-24T04:00:54.000Z,"{""id"": ""usrdgG7vRV8iqukqL"", ""email"": ""keegankdolan@gmail.com"", ""name"": ""Keegan Dolan""}",HKUnit.count(),ratio,,"{""id"": ""usrdgG7vRV8iqukqL"", ""email"": ""keegankdolan@gmail.com"", ""name"": ""Keegan Dolan""}",2025-10-07T17:46:14.000Z,,,ratio,,Ratio,measurement
