ID,Title,therapeutic_summary,therapeutic_recommendation,stack_summary,stack_recommendation,therapeutic_type_ref_#,option_count,therapeutic_count,therapeutic_type,therapeutic_1,therapeutic_1_overview,therapeutic_1_recommendation,therapeutic_1_type,therapeutic_1_category,therapeutic_1_operator,therapeutic_1_dose_min,therapeutic_1_dose_max,therapeutic_1_unit,therapeutic_1_unit_symbol,therapeutic_1_dose_rollup,therapeutic_1_frequency_days,therapeutic_1_timing,therapeutic_1_linked_evidence,therapeutic_1_age_min,therapeutic_1_age_max,therapeutic_1_gender,therapeutic_2,therapeutic_2_type,therapeutic_2_category,therapeutic_2_operator,therapeutic_2_dose_min,therapeutic_2_dose_max,therapeutic_2_unit,therapeutic_2_unit_symbol,therapeutic_2_dose_rollup,therapeutic_2_frequency_days,therapeutic_2_timing,therapeutic_2_linked_evidence,therapeutic_2_age_min,therapeutic_2_age_max,therapeutic_2_gender,therapeutic_3,therapeutic_3_type,therapeutic_3_category,therapeutic_3_operator,therapeutic_3_dose_min,therapeutic_3_dose_max,therapeutic_3_unit,therapeutic_3_unit_symbol,therapeutic_3_dose_rollup,therapeutic_3_frequency_days,therapeutic_3_timing,therapeutic_3_linked_evidence,therapeutic_3_age_min,therapeutic_3_age_max,therapeutic_3_gender,Linked Evidence,Last Modified,Last Modified By,record_id
SUP001-SINGLE,Omega-3: Supplement,Essential fatty acids for cardiovascular and cognitive health,"Take 2,000-4,000mg of an Omega-3 supplement (DHA/EPA) with meals daily for cardiovascular health, cognitive function, anti-inflammatory effects, and cellular membrane integrity",,,001,,SINGLE,SUP,Omega-3,Essential fatty acids for cardiovascular and cognitive health,"Take 2,000-4,000mg of an Omega-3 supplement (DHA/EPA) with meals daily for cardiovascular health, cognitive function, anti-inflammatory effects, and cellular membrane integrity",SUP,Supplement,<>,2000.0,4000.0,milligram,mg,2000-4000 mg,1.0,With meals,,21.0,150.0,male_female,,,,,,,,,,,,,,,,,,,,,,,,,,,,,,,"LI229,LI230,LI231,LI232",9/27/2025 10:03am,Keegan Dolan,recD426nXwApna9E0
SUP002-SINGLE,Vitamin D3: Supplement,"Fat-soluble vitamin for bone health, immune function","Take 2,000-5,000 IU of Vitamin D3 with meals daily for bone health, immune function, hormone optimization, and reduced cancer risk",,,002,,SINGLE,SUP,Vitamin D3,"Fat-soluble vitamin for bone health, immune function","Take 2,000-5,000 IU of Vitamin D3 with meals daily for bone health, immune function, hormone optimization, and reduced cancer risk",SUP,Supplement,<>,2000.0,5000.0,international_unit,IU,2000-5000 IU,1.0,With meals,,21.0,150.0,male_female,,,,,,,,,,,,,,,,,,,,,,,,,,,,,,,"LI233,LI234,LI235,LI236",9/27/2025 10:10am,Keegan Dolan,recFdPkG1F9TcwMiY
SUP003-SINGLE,Magnesium: Supplement,"Essential mineral for muscle, nerve, and bone health","Take 400-800mg of Magnesium before bed daily for muscle function, sleep quality, stress reduction, bone health, and cardiovascular protection",,,003,,SINGLE,SUP,Magnesium,"Essential mineral for muscle, nerve, and bone health","Take 400-800mg of Magnesium before bed daily for muscle function, sleep quality, stress reduction, bone health, and cardiovascular protection",SUP,Supplement,<>,400.0,800.0,milligram,mg,400-800 mg,1.0,Before bed,,21.0,150.0,male_female,,,,,,,,,,,,,,,,,,,,,,,,,,,,,,,"LI237,LI238,LI239,LI240",9/27/2025 10:10am,Keegan Dolan,recqKzD1KpCxZk4ry
SUP004-SINGLE,Creatine Monohydrate: Supplement,Energy metabolism enhancer for muscle performance,"Take 3-5g of Creatine Monohydrate at any time daily for muscle preservation, cognitive enhancement, cellular energy production, and neuroprotection",,,004,,SINGLE,SUP,Creatine Monohydrate,Energy metabolism enhancer for muscle performance,"Take 3-5g of Creatine Monohydrate at any time daily for muscle preservation, cognitive enhancement, cellular energy production, and neuroprotection",SUP,Supplement,<>,3.0,20.0,gram,g,3-20 g,1.0,Any,,21.0,150.0,male_female,,,,,,,,,,,,,,,,,,,,,,,,,,,,,,,"LI241,LI242,LI243,LI244",9/27/2025 10:10am,Keegan Dolan,recsE0RKbgzugZfPh
SUP005-SINGLE,Protein Powder: Supplement,Dietary protein supplement for muscle synthesis,"Take 20-40g of Protein Powder at any time daily for muscle protein synthesis, satiety, metabolic support, and healthy aging",,,005,,SINGLE,SUP,Protein Powder,Dietary protein supplement for muscle synthesis,"Take 20-40g of Protein Powder at any time daily for muscle protein synthesis, satiety, metabolic support, and healthy aging",SUP,Supplement,<>,20.0,40.0,gram,g,20-40 g,1.0,Any,,21.0,150.0,male_female,,,,,,,,,,,,,,,,,,,,,,,,,,,,,,,"LI030,LI031,LI032,LI245,LI246,LI247,LI248",9/27/2025 10:11am,Keegan Dolan,recQaZVJXPAHgLTHm
SUP006-SINGLE,Coenzyme Q10: Supplement,Antioxidant for mitochondrial function and heart health,"Take 200-600mg of CoQ10 with meals daily for mitochondrial function, heart health, antioxidant protection, and cellular energy production",,,006,,SINGLE,SUP,Coenzyme Q10,Antioxidant for mitochondrial function and heart health,"Take 200-600mg of CoQ10 with meals daily for mitochondrial function, heart health, antioxidant protection, and cellular energy production",SUP,Supplement,<>,200.0,600.0,milligram,mg,200-600 mg,1.0,With meals,,21.0,150.0,male_female,,,,,,,,,,,,,,,,,,,,,,,,,,,,,,,"LI249,LI250,LI251,LI252",9/27/2025 10:11am,Keegan Dolan,reckfFHaqSYeC3nhg
SUP007(i)-SINGLE,Psyllium: Supplement,Soluble fiber for digestive health and cholesterol,"Take 10-25g of Psyllium before meals daily for digestive health, cholesterol reduction, blood sugar control, and gut microbiome support",,,007,(i),SINGLE,SUP,Psyllium,Soluble fiber for digestive health and cholesterol,"Take 10-25g of Psyllium before meals daily for digestive health, cholesterol reduction, blood sugar control, and gut microbiome support",SUP,Supplement,<>,10.0,25.0,gram,g,10-25 g,1.0,Before meals,,21.0,150.0,male_female,,,,,,,,,,,,,,,,,,,,,,,,,,,,,,,"LI019,LI020,LI253,LI254,LI255,LI256",9/27/2025 10:11am,Keegan Dolan,recLSE9drrQavNmkC
SUP007(ii)-SINGLE,Inulin: Supplement,Prebiotic soluble fiber for gut microbiome health,"Take 8-12g of Inulin with meals daily for gut microbiome optimization, prebiotic support, digestive health, blood sugar control, and systemic inflammation reduction",,,007,(ii),SINGLE,SUP,Inulin,Prebiotic soluble fiber for gut microbiome health,"Take 8-12g of Inulin with meals daily for gut microbiome optimization, prebiotic support, digestive health, blood sugar control, and systemic inflammation reduction",SUP,Supplement,<>,8.0,12.0,gram,g,8-12 g,1.0,With meals,,21.0,150.0,male_female,,,,,,,,,,,,,,,,,,,,,,,,,,,,,,,"LI019,LI020,LI253,LI254,LI255,LI256",9/27/2025 10:14am,Keegan Dolan,recFE14qL0S8sFnSB
SUP008-SINGLE,Multivitamin: Supplement,Comprehensive vitamin/mineral combination,Take 1 high-quality Multivitamin with meals daily to cover nutritional gaps and support overall health and longevity,,,008,,SINGLE,SUP,Multivitamin,Comprehensive vitamin/mineral combination,Take 1 high-quality Multivitamin with meals daily to cover nutritional gaps and support overall health and longevity,SUP,Supplement,<>,1.0,1.0,pack_vitamin,pack(s),1-1 pack(s),1.0,With meals,,21.0,150.0,male_female,,,,,,,,,,,,,,,,,,,,,,,,,,,,,,,"LI257,LI258,LI259,LI260",9/27/2025 10:14am,Keegan Dolan,recVfuxjbDBkPwulN
SUP009-SINGLE,Iron: Supplement,Essential mineral for oxygen transport,"Take 8-18mg of Iron on empty stomach daily (if deficient) for oxygen transport, energy production, and cognitive function",,,009,,SINGLE,SUP,Iron,Essential mineral for oxygen transport,"Take 8-18mg of Iron on empty stomach daily (if deficient) for oxygen transport, energy production, and cognitive function",SUP,Supplement,<>,8.0,18.0,milligram,mg,8-18 mg,1.0,Empty stomach,,21.0,150.0,male_female,,,,,,,,,,,,,,,,,,,,,,,,,,,,,,,"LI259,LI261,LI262,LI263,LI264",9/27/2025 10:14am,Keegan Dolan,recDWfOeF8XHqTgnp
SUP010-STACK,Vitamin B12 + Folate Stack,"Synergistic B vitamins essential for DNA methylation, homocysteine metabolism, neurological function, and cellular repair. Together they optimize methylation pathways crucial for longevity, cardiovascular health, and cognitive preservation.","Take 500-2,000mcg of Vitamin B12 (morning) and 400-800mcg of Folate (with meals) daily for optimal methylation support, cardiovascular protection, neurological health, DNA synthesis, and homocysteine metabolism optimization","Synergistic B vitamins essential for DNA methylation, homocysteine metabolism, neurological function, and cellular repair. Together they optimize methylation pathways crucial for longevity, cardiovascular health, and cognitive preservation.","Take 500-2,000mcg of Vitamin B12 (morning) and 400-800mcg of Folate (with meals) daily for optimal methylation support, cardiovascular protection, neurological health, DNA synthesis, and homocysteine metabolism optimization",010,,STACK,SUP,Vitamin B12,Water-soluble vitamin for neurological function,"Take 500-2,000mcg of Vitamin B12 in the morning daily for neurological function, energy metabolism, DNA synthesis, and cognitive health",SUP,Supplement,<>,500.0,2000.0,microgram,µg,500-2000 µg,1.0,Morning,,21.0,150.0,male_female,Folate,SUP,Supplement,<>,400.0,800.0,microgram,µg,400-800 µg,1.0,With meals,,21.0,150.0,male_female,,,,,,,,,,,,,,,,"LI260,LI257,LI258,LI265",9/27/2025 10:59am,Keegan Dolan,rec2rp3fHH2YUupT9
SUP011-SINGLE,Probiotic: Supplement,Beneficial bacteria for gut microbiome health,"Take 10-50 billion CFU of a multi-strain Probiotic on empty stomach daily for gut microbiome health, immune function, and systemic inflammation reduction",,,011,,SINGLE,SUP,Probiotic,Beneficial bacteria for gut microbiome health,"Take 10-50 billion CFU of a multi-strain Probiotic on empty stomach daily for gut microbiome health, immune function, and systemic inflammation reduction",SUP,Supplement,<>,10.0,50.0,billion_CFU,billion CFU,10-50 billion CFU,1.0,Empty stomach,,21.0,150.0,male_female,,,,,,,,,,,,,,,,,,,,,,,,,,,,,,,"LI256,LI266,LI267,LI268,LI269",9/27/2025 10:17am,Keegan Dolan,reckkSx4q3QCfv0IF
SUP012-SINGLE,Melatonin: Supplement,Hormone for sleep regulation,"Take 0.5-3mg of Melatonin before bed daily for sleep optimization, circadian rhythm regulation, and antioxidant protection",,,012,,SINGLE,SUP,Melatonin,Hormone for sleep regulation,"Take 0.5-3mg of Melatonin before bed daily for sleep optimization, circadian rhythm regulation, and antioxidant protection",SUP,Supplement,<>,0.5,3.0,milligram,mg,0.5-3 mg,1.0,Before bed,,21.0,150.0,male_female,,,,,,,,,,,,,,,,,,,,,,,,,,,,,,,"LI270,LI271,LI272,LI273",9/27/2025 10:17am,Keegan Dolan,recoWZDGXdcZFUjCn
SUP013-SINGLE,Calcium: Supplement,Essential mineral for bone and muscle function,"Take 600-1,200mg of Calcium with meals daily for bone health, muscle function, and cardiovascular support",,,013,,SINGLE,SUP,Calcium,Essential mineral for bone and muscle function,"Take 600-1,200mg of Calcium with meals daily for bone health, muscle function, and cardiovascular support",SUP,Supplement,<>,600.0,1200.0,milligram,mg,600-1200 mg,1.0,With meals,,21.0,150.0,male_female,,,,,,,,,,,,,,,,,,,,,,,,,,,,,,,"LI274,LI275,LI276,LI277",9/27/2025 10:22am,Keegan Dolan,rechvSExLMD5YORhF
SUP014-SINGLE,Zinc: Supplement,Essential mineral for immune function and wound healing,"Take 15-30mg of Zinc on empty stomach daily for immune function, wound healing, protein synthesis, and antioxidant activity",,,014,,SINGLE,SUP,Zinc,Essential mineral for immune function and wound healing,"Take 15-30mg of Zinc on empty stomach daily for immune function, wound healing, protein synthesis, and antioxidant activity",SUP,Supplement,<>,15.0,30.0,milligram,mg,15-30 mg,1.0,Empty stomach,,21.0,150.0,male_female,,,,,,,,,,,,,,,,,,,,,,,,,,,,,,,"LI278,LI279,LI280,LI281",9/27/2025 10:22am,Keegan Dolan,recMtYN056UTY5QKJ
SUP015-SINGLE,NAC: Supplement,Antioxidant precursor for glutathione synthesis,"Take 1,200-2,400mg of NAC on empty stomach daily for glutathione production, liver detoxification, respiratory health, and cellular protection",,,015,,SINGLE,SUP,NAC,Antioxidant precursor for glutathione synthesis,"Take 1,200-2,400mg of NAC on empty stomach daily for glutathione production, liver detoxification, respiratory health, and cellular protection",SUP,Supplement,<>,1200.0,2400.0,milligram,mg,1200-2400 mg,1.0,Empty stomach,,21.0,150.0,male_female,,,,,,,,,,,,,,,,,,,,,,,,,,,,,,,"LI282,LI283,LI284,LI285",9/27/2025 10:22am,Keegan Dolan,recRu57EJ7T4zhB2h
SUP016-SINGLE,Berberine: Supplement,Plant alkaloid for glucose metabolism,"Take 500-1,500mg of Berberine before meals daily for glucose metabolism, insulin sensitivity, cholesterol management, and gut health",,,016,,SINGLE,SUP,Berberine,Plant alkaloid for glucose metabolism,"Take 500-1,500mg of Berberine before meals daily for glucose metabolism, insulin sensitivity, cholesterol management, and gut health",SUP,Supplement,<>,500.0,1500.0,milligram,mg,500-1500 mg,1.0,Before meals,,21.0,150.0,male_female,,,,,,,,,,,,,,,,,,,,,,,,,,,,,,,"LI286,LI287,LI288,LI289",9/27/2025 10:22am,Keegan Dolan,rec7MU52EslZT1jUt
SUP017-SINGLE,Glycine: Supplement,Amino acid for sleep and collagen synthesis,"Take 3-10g of Glycine before bed daily for sleep quality, collagen synthesis, detoxification, and neuroprotection",,,017,,SINGLE,SUP,Glycine,Amino acid for sleep and collagen synthesis,"Take 3-10g of Glycine before bed daily for sleep quality, collagen synthesis, detoxification, and neuroprotection",SUP,Supplement,<>,3.0,10.0,gram,g,3-10 g,1.0,Before bed,,21.0,150.0,male_female,,,,,,,,,,,,,,,,,,,,,,,,,,,,,,,"LI290,LI291,LI292,LI293",9/27/2025 10:22am,Keegan Dolan,recDhLwBE8RhFpcMX
SUP018-STACK,Glucosamine + Chondroitin Stack,Complementary compounds for comprehensive cartilage support - glucosamine provides building blocks for cartilage synthesis while chondroitin maintains cartilage structure and joint lubrication. Combined they offer superior joint preservation and mobility maintenance.,"Take 1,500mg of Glucosamine and 800-1,200mg of Chondroitin with meals daily for comprehensive joint health, cartilage preservation, reduced inflammation, and long-term mobility maintenance",Complementary compounds for comprehensive cartilage support - glucosamine provides building blocks for cartilage synthesis while chondroitin maintains cartilage structure and joint lubrication. Combined they offer superior joint preservation and mobility maintenance.,"Take 1,500mg of Glucosamine and 800-1,200mg of Chondroitin with meals daily for comprehensive joint health, cartilage preservation, reduced inflammation, and long-term mobility maintenance",018,,STACK,SUP,Glucosamine,Amino sugar for cartilage synthesis and joint health,"Take 1,500mg of Glucosamine with meals daily for joint health, cartilage preservation, and mobility maintenance",SUP,Supplement,=,1500.0,,milligram,mg,1500 mg,1.0,With meals,,21.0,150.0,male_female,Chondroitin,SUP,Supplement,<>,800.0,1200.0,milligram,mg,800-1200 mg,1.0,With meals,,,,male_female,,,,,,,,,,,,,,,,"LI294,LI295,LI296,LI297",9/27/2025 10:59am,Keegan Dolan,recWO0nU7IeD7SHi9
SUP019-SINGLE,Curcumin: Supplement,Anti-inflammatory polyphenol from turmeric,"Take 1,000-2,000mg of Curcumin with meals daily for anti-inflammatory effects, antioxidant protection, brain health, and longevity pathways",,,019,,SINGLE,SUP,Curcumin,Anti-inflammatory polyphenol from turmeric,"Take 1,000-2,000mg of Curcumin with meals daily for anti-inflammatory effects, antioxidant protection, brain health, and longevity pathways",SUP,Supplement,<>,1000.0,2000.0,milligram,mg,1000-2000 mg,1.0,With meals,,21.0,150.0,male_female,,,,,,,,,,,,,,,,,,,,,,,,,,,,,,,"LI298,LI299,LI300,LI301",9/27/2025 10:31am,Keegan Dolan,rec2jWRD3SItFiAWs
SUP020-SINGLE,Alpha-Lipoic Acid: Supplement,Antioxidant for metabolic and neurological health,"Take 600-1,200mg of Alpha-Lipoic Acid on empty stomach daily for antioxidant protection, glucose metabolism, neuroprotection, and mitochondrial health",,,020,,SINGLE,SUP,Alpha-Lipoic Acid,Antioxidant for metabolic and neurological health,"Take 600-1,200mg of Alpha-Lipoic Acid on empty stomach daily for antioxidant protection, glucose metabolism, neuroprotection, and mitochondrial health",SUP,Supplement,<>,600.0,1200.0,milligram,mg,600-1200 mg,1.0,Empty stomach,,21.0,150.0,male_female,,,,,,,,,,,,,,,,,,,,,,,,,,,,,,,"LI302,LI303,LI304,LI305",9/27/2025 10:31am,Keegan Dolan,recjcAFH5st2aRDO0
SUP021-SINGLE,Astaxanthin: Supplement,Potent carotenoid antioxidant for eye/skin health,"Take 8-24mg of Astaxanthin with meals daily for powerful antioxidant protection, eye health, skin protection, and cardiovascular benefits",,,021,,SINGLE,SUP,Astaxanthin,Potent carotenoid antioxidant for eye/skin health,"Take 8-24mg of Astaxanthin with meals daily for powerful antioxidant protection, eye health, skin protection, and cardiovascular benefits",SUP,Supplement,<>,8.0,24.0,milligram,mg,8-24 mg,1.0,With meals,,21.0,150.0,male_female,,,,,,,,,,,,,,,,,,,,,,,,,,,,,,,"LI306,LI307,LI308,LI309",9/27/2025 10:31am,Keegan Dolan,recKNB8U7yjdesIaY
SUP022-SINGLE,Resveratrol: Supplement,Polyphenol antioxidant for cardiovascular health,"Take 500-2,000mg of Resveratrol on empty stomach daily for cardiovascular health, longevity gene activation, anti-inflammatory effects, and neuroprotection",,,022,,SINGLE,SUP,Resveratrol,Polyphenol antioxidant for cardiovascular health,"Take 500-2,000mg of Resveratrol on empty stomach daily for cardiovascular health, longevity gene activation, anti-inflammatory effects, and neuroprotection",SUP,Supplement,<>,500.0,2000.0,milligram,mg,500-2000 mg,1.0,Empty stomach,,21.0,150.0,male_female,,,,,,,,,,,,,,,,,,,,,,,,,,,,,,,"LI310,LI311,LI312,LI313",9/27/2025 10:31am,Keegan Dolan,recJH0aBL1IvHnanZ
SUP023-STACK,Lutein + Zeaxanthin Stack,"Synergistic carotenoid antioxidants that concentrate in the macula for comprehensive eye protection. Together they filter harmful blue light, protect against oxidative damage, and support visual performance and long-term eye health.","Take 10-20mg of Lutein and 2-4mg of Zeaxanthin with meals daily for complete macular protection, blue light defense, visual performance optimization, and age-related eye disease prevention","Synergistic carotenoid antioxidants that concentrate in the macula for comprehensive eye protection. Together they filter harmful blue light, protect against oxidative damage, and support visual performance and long-term eye health.","Take 10-20mg of Lutein and 2-4mg of Zeaxanthin with meals daily for complete macular protection, blue light defense, visual performance optimization, and age-related eye disease prevention",023,,STACK,SUP,Lutein,Carotenoid antioxidant for macular and eye health,"Take 10-20mg of Lutein with meals daily for macular protection, eye health, and blue light defense",SUP,Supplement,<>,10.0,20.0,milligram,mg,10-20 mg,1.0,With meals,,21.0,150.0,male_female,Zeaxanthin,SUP,Supplement,<>,2.0,4.0,milligram,mg,2-4 mg,1.0,With meals,,,,male_female,,,,,,,,,,,,,,,,"LI314,LI315,LI316,LI317",9/27/2025 10:59am,Keegan Dolan,recnToD6IHt3Ur7Nj
SUP024-SINGLE,Ashwagandha: Supplement,Adaptogenic herb for stress and cortisol management,"Take 600-1,200mg of Ashwagandha with meals daily for stress reduction, cortisol management, sleep quality, and adaptogenic benefits",,,024,,SINGLE,SUP,Ashwagandha,Adaptogenic herb for stress and cortisol management,"Take 600-1,200mg of Ashwagandha with meals daily for stress reduction, cortisol management, sleep quality, and adaptogenic benefits",SUP,Supplement,<>,600.0,1200.0,milligram,mg,600-1200 mg,1.0,With meals,,21.0,150.0,male_female,,,,,,,,,,,,,,,,,,,,,,,,,,,,,,,,9/27/2025 10:32am,Keegan Dolan,recuuog4s8LUmqwum
SUP025-SINGLE,Vitamin K2: Supplement,Fat-soluble vitamin for bone and cardiovascular health,"Take 100-200mcg of Vitamin K2 with meals daily for bone health, cardiovascular protection, and calcium metabolism optimization",,,025,,SINGLE,SUP,Vitamin K2,Fat-soluble vitamin for bone and cardiovascular health,"Take 100-200mcg of Vitamin K2 with meals daily for bone health, cardiovascular protection, and calcium metabolism optimization",SUP,Supplement,<>,100.0,200.0,microgram,µg,100-200 µg,1.0,With meals,,21.0,150.0,male_female,,,,,,,,,,,,,,,,,,,,,,,,,,,,,,,"LI318,LI319,LI320",9/27/2025 10:32am,Keegan Dolan,recRTk82CFFbZIZ9S
SUP026-SINGLE,Niacin: OTC Medication,B vitamin for cholesterol management,"Take 500-1,000mg of Niacin with meals daily for cholesterol management, NAD+ precursor benefits, and cardiovascular health",,,026,,SINGLE,SUP,Niacin,B vitamin for cholesterol management,"Take 500-1,000mg of Niacin with meals daily for cholesterol management, NAD+ precursor benefits, and cardiovascular health",SUP,OTC Medication,<>,500.0,1000.0,milligram,mg,500-1000 mg,1.0,With meals,,21.0,150.0,male_female,,,,,,,,,,,,,,,,,,,,,,,,,,,,,,,"LI321,LI322,LI323,LI324",9/27/2025 10:32am,Keegan Dolan,recBYWzN6FRmP1yFr
SUP027-SINGLE,Low-Dose Aspirin: OTC Medication,Antiplatelet therapy for cardiovascular protection,"Take 75-100mg of Low-Dose Aspirin with meals daily for cardiovascular protection, stroke prevention, and anti-inflammatory effects",,,027,,SINGLE,SUP,Low-Dose Aspirin,Antiplatelet therapy for cardiovascular protection,"Take 75-100mg of Low-Dose Aspirin with meals daily for cardiovascular protection, stroke prevention, and anti-inflammatory effects",SUP,OTC Medication,<>,75.0,100.0,milligram,mg,75-100 mg,1.0,With meals,,21.0,150.0,male_female,,,,,,,,,,,,,,,,,,,,,,,,,,,,,,,"LI325,LI326,LI327,LI328",9/27/2025 10:32am,Keegan Dolan,recgHjOqTOirOfCmU
PEP001-SINGLE,Tirzepatide: GLP/GIP Agonist,Dual incretin receptor agonist for metabolic health,"Take 5-10mg of Tirzepatide at any time weekly for metabolic optimization, weight management, insulin sensitivity, and potential longevity benefits",,,001,,SINGLE,PEP,Tirzepatide,Dual incretin receptor agonist for metabolic health,"Take 5-10mg of Tirzepatide at any time weekly for metabolic optimization, weight management, insulin sensitivity, and potential longevity benefits",PEP,GLP/GIP Agonist,<>,5.0,10.0,milligram,mg,5-10 mg,7.0,Any,,21.0,150.0,male_female,,,,,,,,,,,,,,,,,,,,,,,,,,,,,,,"LI349,LI350,LI351,LI352",9/27/2025 10:32am,Keegan Dolan,rec7WBtHpMlUCtYtT
PEP002(i)-SINGLE,Semaglutide: GLP-1 Agonist,Incretin mimetic for metabolic optimization,"Take 1-2.4mg of Semaglutide at any time weekly for metabolic health, weight optimization, cardiovascular protection, and neuroprotection",,,002,(i),SINGLE,PEP,Semaglutide,Incretin mimetic for metabolic optimization,"Take 1-2.4mg of Semaglutide at any time weekly for metabolic health, weight optimization, cardiovascular protection, and neuroprotection",PEP,GLP-1 Agonist,<>,1.0,2.4,milligram,mg,1-2.4 mg,7.0,Any,,21.0,150.0,male_female,,,,,,,,,,,,,,,,,,,,,,,,,,,,,,,"LI353,LI354,LI355",9/27/2025 10:32am,Keegan Dolan,recN0RQzSEzIQxBZE
PEP002(ii)-SINGLE,Liraglutide: GLP-1 Agonist,Incretin mimetic for metabolic optimization,"Take 1.2-3mg of Liraglutide at any time daily for metabolic optimization, appetite regulation, and cardiovascular benefits",,,002,(ii),SINGLE,PEP,Liraglutide,Incretin mimetic for metabolic optimization,"Take 1.2-3mg of Liraglutide at any time daily for metabolic optimization, appetite regulation, and cardiovascular benefits",PEP,GLP-1 Agonist,<>,1.2,3.0,milligram,mg,1.2-3 mg,1.0,Any,,21.0,150.0,male_female,,,,,,,,,,,,,,,,,,,,,,,,,,,,,,,,9/27/2025 10:33am,Keegan Dolan,recLpKyJ2dam4PxO9
PEP003-STACK,CJC-1295 + Ipamorelin Stack,"Synergistic peptide combination that optimizes natural growth hormone release - CJC-1295 provides sustained GHRH stimulation while Ipamorelin offers pulsatile GHRP activation. Together they enhance body composition, recovery, and anti-aging benefits with minimal side effects.","Take 100-200mcg of CJC-1295 (before bed) and 200-300mcg of Ipamorelin (empty stomach) every 3 days for natural growth hormone optimization, body composition improvement, enhanced recovery, muscle preservation, and metabolic benefits","Synergistic peptide combination that optimizes natural growth hormone release - CJC-1295 provides sustained GHRH stimulation while Ipamorelin offers pulsatile GHRP activation. Together they enhance body composition, recovery, and anti-aging benefits with minimal side effects.","Take 100-200mcg of CJC-1295 (before bed) and 200-300mcg of Ipamorelin (empty stomach) every 3 days for natural growth hormone optimization, body composition improvement, enhanced recovery, muscle preservation, and metabolic benefits",003,,STACK,PEP,CJC-1295,GHRH analog for growth hormone optimization,"Take 100-200mcg of CJC-1295 before bed every 3 days for growth hormone optimization, muscle preservation, fat metabolism, and recovery enhancement",PEP,Growth Hormone Peptide,<>,100.0,200.0,microgram,µg,100-200 µg,3.0,Before bed,,21.0,150.0,male_female,Ipamorelin,PEP,Growth Hormone Peptide,<>,200.0,300.0,microgram,µg,200-300 µg,3.0,Empty stomach,,21.0,150.0,male_female,,,,,,,,,,,,,,,,"LI087,LI356,LI357,LI358,LI359",9/27/2025 10:59am,Keegan Dolan,rectSvR0DGkWchk46
PEP004-SINGLE,BPC-157: Healing Peptide,Gastric pentadecapeptide for tissue repair,"Take 250-500mcg of BPC-157 on empty stomach daily for tissue repair, gut health, injury recovery, and systemic healing support",,,004,,SINGLE,PEP,BPC-157,Gastric pentadecapeptide for tissue repair,"Take 250-500mcg of BPC-157 on empty stomach daily for tissue repair, gut health, injury recovery, and systemic healing support",PEP,Healing Peptide,<>,250.0,500.0,microgram,µg,250-500 µg,1.0,Empty stomach,,21.0,150.0,male_female,,,,,,,,,,,,,,,,,,,,,,,,,,,,,,,"LI360,LI361,LI362,LI363",9/27/2025 10:33am,Keegan Dolan,recWaxSdkoYowWptr
PEP005-SINGLE,TB-500: Healing Peptide,Thymosin beta-4 fragment for tissue regeneration,"Take 2-5mg of TB-500 at any time weekly for tissue regeneration, injury recovery, cardiovascular health, and anti-inflammatory effects",,,005,,SINGLE,PEP,TB-500,Thymosin beta-4 fragment for tissue regeneration,"Take 2-5mg of TB-500 at any time weekly for tissue regeneration, injury recovery, cardiovascular health, and anti-inflammatory effects",PEP,Healing Peptide,<>,2.0,5.0,milligram,mg,2-5 mg,7.0,Any,,21.0,150.0,male_female,,,,,,,,,,,,,,,,,,,,,,,,,,,,,,,"LI364,LI365,LI366",9/27/2025 10:33am,Keegan Dolan,recEt38gYzl5Uj7EX
PEP006-STACK,BPC-157 + TB-500 Stack,"Powerful healing peptide combination - BPC-157 promotes gut health and localized tissue repair while TB-500 enhances systemic tissue regeneration and cardiovascular health. Together they accelerate healing, reduce inflammation, and support comprehensive tissue maintenance.","Take 250-500mcg of BPC-157 (empty stomach daily) and 2-5mg of TB-500 (any time weekly) for accelerated tissue repair, injury recovery, gut health optimization, cardiovascular protection, and comprehensive healing support","Powerful healing peptide combination - BPC-157 promotes gut health and localized tissue repair while TB-500 enhances systemic tissue regeneration and cardiovascular health. Together they accelerate healing, reduce inflammation, and support comprehensive tissue maintenance.","Take 250-500mcg of BPC-157 (empty stomach daily) and 2-5mg of TB-500 (any time weekly) for accelerated tissue repair, injury recovery, gut health optimization, cardiovascular protection, and comprehensive healing support",006,,STACK,PEP,BPC-157,Gastric pentadecapeptide for tissue repair,"Take 250-500mcg of BPC-157 on empty stomach daily for tissue repair, gut health, injury recovery, and systemic healing support",PEP,Healing Peptide,<>,250.0,500.0,microgram,µg,250-500 µg,1.0,Empty stomach,,21.0,150.0,male_female,TB-500,PEP,Healing Peptide,<>,2.0,5.0,milligram,mg,2-5 mg,7.0,Any,,21.0,150.0,male_female,,,,,,,,,,,,,,,,"LI367,LI368,LI369",9/27/2025 10:59am,Keegan Dolan,recniL0lWjVJJokug
PEP007-SINGLE,Epitalon: Longevity Peptide,Telomerase activator for cellular aging,"Take 10-20mg of Epitalon before bed daily for telomerase activation, cellular aging reversal, circadian rhythm regulation, and longevity enhancement",,,007,,SINGLE,PEP,Epitalon,Telomerase activator for cellular aging,"Take 10-20mg of Epitalon before bed daily for telomerase activation, cellular aging reversal, circadian rhythm regulation, and longevity enhancement",PEP,Longevity Peptide,<>,10.0,20.0,milligram,mg,10-20 mg,1.0,Before bed,,21.0,150.0,male_female,,,,,,,,,,,,,,,,,,,,,,,,,,,,,,,"LI364,LI365,LI366,LI367,LI368,LI369,LI370",9/27/2025 10:34am,Keegan Dolan,recgKfnDcYPAgWKHE
PEP008-SINGLE,Thymalin: Immune Peptide,Thymic peptide for immune system support,"Take 5-10mg of Thymalin at any time every 3 days for immune system optimization, thymic function restoration, and healthy aging",,,008,,SINGLE,PEP,Thymalin,Thymic peptide for immune system support,"Take 5-10mg of Thymalin at any time every 3 days for immune system optimization, thymic function restoration, and healthy aging",PEP,Immune Peptide,<>,5.0,10.0,milligram,mg,5-10 mg,3.0,Any,,21.0,150.0,male_female,,,,,,,,,,,,,,,,,,,,,,,,,,,,,,,,9/27/2025 10:34am,Keegan Dolan,recapEFmJYjrL6jpK
PEP009-STACK,Epitalon + Thymalin Stack,Complementary peptides targeting cellular aging and immune function - Epitalon activates telomerase and regulates circadian rhythms while Thymalin restores thymic function and immune competence. Together they address two key pillars of healthy aging.,"Take 10-20mg of Epitalon (before bed daily) and 5-10mg of Thymalin (any time every 3 days) for telomerase activation, immune system restoration, circadian rhythm optimization, cellular aging reversal, and comprehensive longevity enhancement",Complementary peptides targeting cellular aging and immune function - Epitalon activates telomerase and regulates circadian rhythms while Thymalin restores thymic function and immune competence. Together they address two key pillars of healthy aging.,"Take 10-20mg of Epitalon (before bed daily) and 5-10mg of Thymalin (any time every 3 days) for telomerase activation, immune system restoration, circadian rhythm optimization, cellular aging reversal, and comprehensive longevity enhancement",009,,STACK,PEP,Epitalon,Telomerase activator for cellular aging,"Take 10-20mg of Epitalon before bed daily for telomerase activation, cellular aging reversal, circadian rhythm regulation, and longevity enhancement",PEP,Longevity Peptide,<>,10.0,20.0,milligram,mg,10-20 mg,1.0,Before bed,,21.0,150.0,male_female,Thymalin,PEP,Immune Peptide,<>,5.0,10.0,milligram,mg,5-10 mg,3.0,Any,,21.0,150.0,male_female,,,,,,,,,,,,,,,,,9/27/2025 10:59am,Keegan Dolan,recTRaueW58CTs55v
PEP010-SINGLE,MOTS-c: Mitochondrial Peptide,Mitochondrial-derived peptide for metabolism,"Take 10-20mg of MOTS-c in the morning every 3 days for mitochondrial function, metabolic optimization, exercise capacity, and longevity",,,010,,SINGLE,PEP,MOTS-c,Mitochondrial-derived peptide for metabolism,"Take 10-20mg of MOTS-c in the morning every 3 days for mitochondrial function, metabolic optimization, exercise capacity, and longevity",PEP,Mitochondrial Peptide,<>,10.0,20.0,milligram,mg,10-20 mg,3.0,Morning,,21.0,150.0,male_female,,,,,,,,,,,,,,,,,,,,,,,,,,,,,,,,9/27/2025 10:34am,Keegan Dolan,recKfsD4Kgd3T8dyJ
PEP011-SINGLE,Humanin: Mitochondrial Peptide,Neuroprotective mitochondrial peptide,"Take 5-10mg of Humanin at any time every 3 days for neuroprotection, mitochondrial health, cellular survival, and cognitive preservation",,,011,,SINGLE,PEP,Humanin,Neuroprotective mitochondrial peptide,"Take 5-10mg of Humanin at any time every 3 days for neuroprotection, mitochondrial health, cellular survival, and cognitive preservation",PEP,Mitochondrial Peptide,<>,5.0,10.0,milligram,mg,5-10 mg,3.0,Any,,21.0,150.0,male_female,,,,,,,,,,,,,,,,,,,,,,,,,,,,,,,,9/27/2025 10:34am,Keegan Dolan,recG9BmyzPJTCiHVE
PEP012-SINGLE,GHK-Cu: Copper Peptide,Tissue remodeling and wound healing peptide,"Take 2-5mg of GHK-Cu at any time daily for tissue remodeling, wound healing, skin health, and anti-aging benefits",,,012,,SINGLE,PEP,GHK-Cu,Tissue remodeling and wound healing peptide,"Take 2-5mg of GHK-Cu at any time daily for tissue remodeling, wound healing, skin health, and anti-aging benefits",PEP,Copper Peptide,<>,2.0,5.0,milligram,mg,2-5 mg,1.0,Any,,21.0,150.0,male_female,,,,,,,,,,,,,,,,,,,,,,,,,,,,,,,,9/27/2025 10:34am,Keegan Dolan,recKXlk5my5z2ItQq
PEP013-SINGLE,SS-31: Mitochondrial Peptide,Mitochondrial-targeted antioxidant peptide,"Take 5-20mg of SS-31 at any time daily for mitochondrial protection, cellular energy optimization, and cardioprotection",,,013,,SINGLE,PEP,SS-31,Mitochondrial-targeted antioxidant peptide,"Take 5-20mg of SS-31 at any time daily for mitochondrial protection, cellular energy optimization, and cardioprotection",PEP,Mitochondrial Peptide,<>,5.0,20.0,milligram,mg,5-20 mg,1.0,Any,,21.0,150.0,male_female,,,,,,,,,,,,,,,,,,,,,,,,,,,,,,,,9/27/2025 10:34am,Keegan Dolan,recWVj4Mby0hWd2WX
PEP014-SINGLE,Tesamorelin: Growth Hormone Peptide,GHRH analog for body composition,"Take 1-2mg of Tesamorelin before bed daily for visceral fat reduction, body composition optimization, and metabolic health",,,014,,SINGLE,PEP,Tesamorelin,GHRH analog for body composition,"Take 1-2mg of Tesamorelin before bed daily for visceral fat reduction, body composition optimization, and metabolic health",PEP,Growth Hormone Peptide,<>,1.0,2.0,milligram,mg,1-2 mg,1.0,Before bed,,21.0,150.0,male_female,,,,,,,,,,,,,,,,,,,,,,,,,,,,,,,,9/27/2025 10:34am,Keegan Dolan,recILoTSc1W8sEfls
PEP015-SINGLE,Thymosin Alpha-1: Immune Peptide,Immunomodulatory peptide for immune enhancement,"Take 1.6-3.2mg of Thymosin Alpha-1 at any time every 3 days for immune enhancement, viral resistance, and longevity support",,,015,,SINGLE,PEP,Thymosin Alpha-1,Immunomodulatory peptide for immune enhancement,"Take 1.6-3.2mg of Thymosin Alpha-1 at any time every 3 days for immune enhancement, viral resistance, and longevity support",PEP,Immune Peptide,<>,1.6,3.2,milligram,mg,1.6-3.2 mg,3.0,Any,,21.0,150.0,male_female,,,,,,,,,,,,,,,,,,,,,,,,,,,,,,,,9/27/2025 10:35am,Keegan Dolan,recg47C0MjDA9cFAY
PEP016-SINGLE,Melanotan II: Peptide Hormone,Melanocortin receptor agonist for skin protection,"Take 0.25-1mg of Melanotan II before bed daily for skin protection, melanin production, and potential metabolic benefits",,,016,,SINGLE,PEP,Melanotan II,Melanocortin receptor agonist for skin protection,"Take 0.25-1mg of Melanotan II before bed daily for skin protection, melanin production, and potential metabolic benefits",PEP,Peptide Hormone,<>,0.3,1.0,milligram,mg,0.25-1 mg,1.0,Before bed,,21.0,150.0,male_female,,,,,,,,,,,,,,,,,,,,,,,,,,,,,,,,9/27/2025 10:35am,Keegan Dolan,recR9fwZUUbMvSt2V
PEP017-SINGLE,FOXO4-DRI: Senolytic Peptide,Senescent cell elimination peptide,"Take 5-10mg of FOXO4-DRI at any time monthly for senescent cell elimination, tissue rejuvenation, and healthy aging",,,017,,SINGLE,PEP,FOXO4-DRI,Senescent cell elimination peptide,"Take 5-10mg of FOXO4-DRI at any time monthly for senescent cell elimination, tissue rejuvenation, and healthy aging",PEP,Senolytic Peptide,<>,5.0,10.0,milligram,mg,5-10 mg,30.0,Any,,21.0,150.0,male_female,,,,,,,,,,,,,,,,,,,,,,,,,,,,,,,,9/27/2025 10:35am,Keegan Dolan,rec9hiupXO4YxRDli
PEP018-SINGLE,Selank: Nootropic Peptide,Anxiolytic peptide for stress and cognition,"Take 0.5-1.5mg of Selank in the morning daily for stress reduction, cognitive enhancement, immune modulation, and neuroprotection",,,018,,SINGLE,PEP,Selank,Anxiolytic peptide for stress and cognition,"Take 0.5-1.5mg of Selank in the morning daily for stress reduction, cognitive enhancement, immune modulation, and neuroprotection",PEP,Nootropic Peptide,<>,0.5,1.5,milligram,mg,0.5-1.5 mg,1.0,Morning,,21.0,150.0,male_female,,,,,,,,,,,,,,,,,,,,,,,,,,,,,,,,9/27/2025 10:35am,Keegan Dolan,recBI4DoR3OMeTOwC
PEP019-SINGLE,Semax: Nootropic Peptide,Cognitive enhancement and neuroprotection,"Take 0.2-1mg of Semax in the morning daily for cognitive enhancement, neuroprotection, memory improvement, and brain health",,,019,,SINGLE,PEP,Semax,Cognitive enhancement and neuroprotection,"Take 0.2-1mg of Semax in the morning daily for cognitive enhancement, neuroprotection, memory improvement, and brain health",PEP,Nootropic Peptide,<>,0.2,1.0,milligram,mg,0.2-1 mg,1.0,Morning,,21.0,150.0,male_female,,,,,,,,,,,,,,,,,,,,,,,,,,,,,,,,9/27/2025 10:35am,Keegan Dolan,rece4LqhrZMUfGr0W
PEP020-SINGLE,Kisspeptin: Reproductive Peptide,Gonadotropin-releasing hormone stimulator,Take 1-5mcg of Kisspeptin at any time daily for reproductive health optimization and hormonal balance,,,020,,SINGLE,PEP,Kisspeptin,Gonadotropin-releasing hormone stimulator,Take 1-5mcg of Kisspeptin at any time daily for reproductive health optimization and hormonal balance,PEP,Reproductive Peptide,<>,1.0,5.0,microgram,µg,1-5 µg,1.0,Any,,21.0,150.0,male_female,,,,,,,,,,,,,,,,,,,,,,,,,,,,,,,,9/27/2025 10:35am,Keegan Dolan,recIHQ9b8Jw3zFcd3
PEP021-SINGLE,Tesofensine: Weight Loss Drug,Triple reuptake inhibitor for body composition,"Take 0.25-0.5mg of Tesofensine in the morning daily for body composition optimization, metabolic enhancement, and weight management",,,021,,SINGLE,PEP,Tesofensine,Triple reuptake inhibitor for body composition,"Take 0.25-0.5mg of Tesofensine in the morning daily for body composition optimization, metabolic enhancement, and weight management",PEP,Weight Loss Drug,<>,0.3,0.5,milligram,mg,0.25-0.5 mg,1.0,Morning,,21.0,150.0,male_female,,,,,,,,,,,,,,,,,,,,,,,,,,,,,,,,9/27/2025 10:35am,Keegan Dolan,recKbx33jkfn7s03A
PEP022-SINGLE,LL-37: Antimicrobial Peptide,Human cathelicidin for immune defense,"Take 2-5mg of LL-37 at any time every 3 days for immune defense, antimicrobial protection, and wound healing",,,022,,SINGLE,PEP,LL-37,Human cathelicidin for immune defense,"Take 2-5mg of LL-37 at any time every 3 days for immune defense, antimicrobial protection, and wound healing",PEP,Antimicrobial Peptide,<>,2.0,5.0,milligram,mg,2-5 mg,3.0,Any,,21.0,150.0,male_female,,,,,,,,,,,,,,,,,,,,,,,,,,,,,,,,9/27/2025 10:35am,Keegan Dolan,recHVDGLzTS8NrPOi
PEP023-SINGLE,IGF-1 LR3: Growth Factor,Long-acting insulin-like growth factor,"Take 20-50mcg of IGF-1 LR3 in the morning every 3 days for muscle preservation, tissue repair, and anti-aging benefits",,,023,,SINGLE,PEP,IGF-1 LR3,Long-acting insulin-like growth factor,"Take 20-50mcg of IGF-1 LR3 in the morning every 3 days for muscle preservation, tissue repair, and anti-aging benefits",PEP,Growth Factor,<>,20.0,50.0,microgram,µg,20-50 µg,3.0,Morning,,21.0,150.0,male_female,,,,,,,,,,,,,,,,,,,,,,,,,,,,,,,,9/27/2025 10:35am,Keegan Dolan,recvfW5RJ1bA5UJUT
PEP024-SINGLE,MGF: Growth Factor,Mechano-growth factor for muscle maintenance,"Take 100-200mcg of MGF at any time every 3 days for muscle maintenance, recovery enhancement, and tissue regeneration",,,024,,SINGLE,PEP,MGF,Mechano-growth factor for muscle maintenance,"Take 100-200mcg of MGF at any time every 3 days for muscle maintenance, recovery enhancement, and tissue regeneration",PEP,Growth Factor,<>,100.0,200.0,microgram,µg,100-200 µg,3.0,Any,,21.0,150.0,male_female,,,,,,,,,,,,,,,,,,,,,,,,,,,,,,,,9/27/2025 10:35am,Keegan Dolan,recp2mgJzDwDJCGRI
MED001(i)-SINGLE,Atorvastatin: Statin,HMG-CoA reductase inhibitor for cardiovascular protection,"Take 10-40mg of Atorvastatin before bed daily for cardiovascular protection, cholesterol optimization, and potential longevity benefits",,,001,(i),SINGLE,MED,Atorvastatin,HMG-CoA reductase inhibitor for cardiovascular protection,"Take 10-40mg of Atorvastatin before bed daily for cardiovascular protection, cholesterol optimization, and potential longevity benefits",MED,Statin,<>,10.0,40.0,milligram,mg,10-40 mg,1.0,Before bed,,21.0,150.0,male_female,,,,,,,,,,,,,,,,,,,,,,,,,,,,,,,,9/27/2025 10:36am,Keegan Dolan,recXhaC4ADP9RrHko
MED001(ii)-SINGLE,Rosuvastatin: Statin,HMG-CoA reductase inhibitor for cardiovascular protection,"Take 5-20mg of Rosuvastatin at any time daily for aggressive cholesterol management, cardiovascular protection, and pleiotropic benefits",,,001,(ii),SINGLE,MED,Rosuvastatin,HMG-CoA reductase inhibitor for cardiovascular protection,"Take 5-20mg of Rosuvastatin at any time daily for aggressive cholesterol management, cardiovascular protection, and pleiotropic benefits",MED,Statin,<>,5.0,20.0,milligram,mg,5-20 mg,1.0,Any,,21.0,150.0,male_female,,,,,,,,,,,,,,,,,,,,,,,,,,,,,,,,9/27/2025 10:36am,Keegan Dolan,rec0dY61WEPhyrOMh
MED001(iii)-SINGLE,Pravastatin: Statin,HMG-CoA reductase inhibitor for cardiovascular protection,"Take 20-40mg of Pravastatin before bed daily for cardiovascular health, cholesterol management, and anti-inflammatory effects",,,001,(iii),SINGLE,MED,Pravastatin,HMG-CoA reductase inhibitor for cardiovascular protection,"Take 20-40mg of Pravastatin before bed daily for cardiovascular health, cholesterol management, and anti-inflammatory effects",MED,Statin,<>,20.0,40.0,milligram,mg,20-40 mg,1.0,Before bed,,21.0,150.0,male_female,,,,,,,,,,,,,,,,,,,,,,,,,,,,,,,,9/27/2025 10:36am,Keegan Dolan,recxKJ03cEFPPGhVb
MED002-SINGLE,Ezetimibe: Cholesterol Absorption Inhibitor,NPC1L1 inhibitor for cholesterol optimization,Take 10mg of Ezetimibe at any time daily for additional cholesterol reduction and cardiovascular protection,,,002,,SINGLE,MED,Ezetimibe,NPC1L1 inhibitor for cholesterol optimization,Take 10mg of Ezetimibe at any time daily for additional cholesterol reduction and cardiovascular protection,MED,Cholesterol Absorption Inhibitor,=,10.0,,milligram,mg,10 mg,1.0,Any,,21.0,150.0,male_female,,,,,,,,,,,,,,,,,,,,,,,,,,,,,,,,9/27/2025 10:37am,Keegan Dolan,recbp5Z02WJMGGHB1
MED003(i)-SINGLE,Evolocumab: PCSK9 Inhibitor,Monoclonal antibody for aggressive cholesterol control,Take 140-420mg of Evolocumab at any time every 2 weeks for aggressive cholesterol management and cardiovascular risk reduction,,,003,(i),SINGLE,MED,Evolocumab,Monoclonal antibody for aggressive cholesterol control,Take 140-420mg of Evolocumab at any time every 2 weeks for aggressive cholesterol management and cardiovascular risk reduction,MED,PCSK9 Inhibitor,<>,140.0,420.0,milligram,mg,140-420 mg,14.0,Any,,21.0,150.0,male_female,,,,,,,,,,,,,,,,,,,,,,,,,,,,,,,,9/27/2025 10:40am,Keegan Dolan,recmk6CmH3NmlutQW
MED003(ii)-SINGLE,Alirocumab: PCSK9 Inhibitor,Monoclonal antibody for aggressive cholesterol control,Take 75-150mg of Alirocumab at any time every 2 weeks for optimal cholesterol control and cardiovascular protection,,,003,(ii),SINGLE,MED,Alirocumab,Monoclonal antibody for aggressive cholesterol control,Take 75-150mg of Alirocumab at any time every 2 weeks for optimal cholesterol control and cardiovascular protection,MED,PCSK9 Inhibitor,<>,75.0,150.0,milligram,mg,75-150 mg,14.0,Any,,21.0,150.0,male_female,,,,,,,,,,,,,,,,,,,,,,,,,,,,,,,,9/27/2025 10:40am,Keegan Dolan,rec83sCoW9fWB9Ofp
MED004-SINGLE,Bempedoic Acid: Cholesterol Synthesis Inhibitor,ATP citrate lyase inhibitor,Take 180mg of Bempedoic Acid at any time daily for cholesterol reduction and cardiovascular benefits,,,004,,SINGLE,MED,Bempedoic Acid,ATP citrate lyase inhibitor,Take 180mg of Bempedoic Acid at any time daily for cholesterol reduction and cardiovascular benefits,MED,Cholesterol Synthesis Inhibitor,=,180.0,,milligram,mg,180 mg,1.0,Any,,21.0,150.0,male_female,,,,,,,,,,,,,,,,,,,,,,,,,,,,,,,,9/27/2025 10:40am,Keegan Dolan,recJ6KKGNcsa5CbEb
MED005(i)-SINGLE,Fenofibrate: Fibrate,PPARα agonist for triglyceride optimization,Take 48-145mg of Fenofibrate with meals daily for triglyceride optimization and cardiovascular protection,,,005,(i),SINGLE,MED,Fenofibrate,PPARα agonist for triglyceride optimization,Take 48-145mg of Fenofibrate with meals daily for triglyceride optimization and cardiovascular protection,MED,Fibrate,<>,48.0,145.0,milligram,mg,48-145 mg,1.0,With meals,,21.0,150.0,male_female,,,,,,,,,,,,,,,,,,,,,,,,,,,,,,,,9/27/2025 10:40am,Keegan Dolan,receE5K33VsITAQ3l
MED005(ii)-SINGLE,Gemfibrozil: Fibrate,PPARα agonist for triglyceride optimization,"Take 600-1,200mg of Gemfibrozil before meals daily for triglyceride management and cardiovascular health",,,005,(ii),SINGLE,MED,Gemfibrozil,PPARα agonist for triglyceride optimization,"Take 600-1,200mg of Gemfibrozil before meals daily for triglyceride management and cardiovascular health",MED,Fibrate,<>,600.0,1200.0,milligram,mg,600-1200 mg,1.0,Before meals,,21.0,150.0,male_female,,,,,,,,,,,,,,,,,,,,,,,,,,,,,,,,9/27/2025 10:40am,Keegan Dolan,recEYP7vktyz0N8iJ
MED006(i)-SINGLE,Icosapent Ethyl: Omega-3 Prescription,Purified EPA for cardiovascular optimization,Take 2-4g of Icosapent Ethyl with meals daily for cardiovascular risk reduction and triglyceride management,,,006,(i),SINGLE,MED,Icosapent Ethyl,Purified EPA for cardiovascular optimization,Take 2-4g of Icosapent Ethyl with meals daily for cardiovascular risk reduction and triglyceride management,MED,Omega-3 Prescription,<>,2.0,4.0,gram,g,2-4 g,1.0,With meals,,21.0,150.0,male_female,,,,,,,,,,,,,,,,,,,,,,,,,,,,,,,,9/27/2025 10:41am,Keegan Dolan,recsQfkX0Ks0uGu0x
MED006(ii)-SINGLE,Vascepa: Omega-3 Prescription,Purified EPA for cardiovascular optimization,Take 2-4g of Vascepa with meals daily for cardiovascular protection and anti-inflammatory benefits,,,006,(ii),SINGLE,MED,Vascepa,Purified EPA for cardiovascular optimization,Take 2-4g of Vascepa with meals daily for cardiovascular protection and anti-inflammatory benefits,MED,Omega-3 Prescription,<>,2.0,4.0,gram,g,2-4 g,1.0,With meals,,21.0,150.0,male_female,,,,,,,,,,,,,,,,,,,,,,,,,,,,,,,,9/27/2025 10:41am,Keegan Dolan,rec8x3aKZgY5lMUFT
MED007(i)-SINGLE,Cholestyramine: Bile Acid Sequestrant,Bile acid binding resin for cholesterol,Take 8-16g of Cholestyramine before meals daily for cholesterol reduction and bile acid optimization,,,007,(i),SINGLE,MED,Cholestyramine,Bile acid binding resin for cholesterol,Take 8-16g of Cholestyramine before meals daily for cholesterol reduction and bile acid optimization,MED,Bile Acid Sequestrant,<>,8.0,16.0,gram,g,8-16 g,1.0,Before meals,,21.0,150.0,male_female,,,,,,,,,,,,,,,,,,,,,,,,,,,,,,,,9/27/2025 10:42am,Keegan Dolan,recW3shrY0gT5x2lI
MED007(ii)-SINGLE,Colesevelam: Bile Acid Sequestrant,Bile acid binding agent for cholesterol,Take 3.75-4.375g of Colesevelam with meals daily for cholesterol management and glucose control,,,007,(ii),SINGLE,MED,Colesevelam,Bile acid binding agent for cholesterol,Take 3.75-4.375g of Colesevelam with meals daily for cholesterol management and glucose control,MED,Bile Acid Sequestrant,<>,3.8,4.4,gram,g,3.75-4.375 g,1.0,With meals,,21.0,150.0,male_female,,,,,,,,,,,,,,,,,,,,,,,,,,,,,,,,9/27/2025 10:42am,Keegan Dolan,recXAfitq6HLpsxc2
MED007(iii)-SINGLE,Colestipol: Bile Acid Sequestrant,Bile acid binding resin for cholesterol,Take 10-20g of Colestipol before meals daily for cholesterol reduction and cardiovascular protection,,,007,(iii),SINGLE,MED,Colestipol,Bile acid binding resin for cholesterol,Take 10-20g of Colestipol before meals daily for cholesterol reduction and cardiovascular protection,MED,Bile Acid Sequestrant,<>,10.0,20.0,gram,g,10-20 g,1.0,Before meals,,21.0,150.0,male_female,,,,,,,,,,,,,,,,,,,,,,,,,,,,,,,,9/27/2025 10:42am,Keegan Dolan,recjNjSpoVRlD7N53
MED008-SINGLE,Metformin: Biguanide,Glucose optimization and longevity pathways,"Take 500-2,000mg of Metformin with meals daily for glucose optimization, longevity pathways activation, and metabolic health",,,008,,SINGLE,MED,Metformin,Glucose optimization and longevity pathways,"Take 500-2,000mg of Metformin with meals daily for glucose optimization, longevity pathways activation, and metabolic health",MED,Biguanide,<>,500.0,2000.0,milligram,mg,500-2000 mg,1.0,With meals,,21.0,150.0,male_female,,,,,,,,,,,,,,,,,,,,,,,,,,,,,,,,9/27/2025 10:42am,Keegan Dolan,rectdPi389LJ4nzH4
MED009(i)-SINGLE,Empagliflozin: SGLT2 Inhibitor,Metabolic optimization and cardioprotection,"Take 10-25mg of Empagliflozin in the morning daily for metabolic optimization, cardiovascular protection, and potential longevity benefits",,,009,(i),SINGLE,MED,Empagliflozin,Metabolic optimization and cardioprotection,"Take 10-25mg of Empagliflozin in the morning daily for metabolic optimization, cardiovascular protection, and potential longevity benefits",MED,SGLT2 Inhibitor,<>,10.0,25.0,milligram,mg,10-25 mg,1.0,Morning,,21.0,150.0,male_female,,,,,,,,,,,,,,,,,,,,,,,,,,,,,,,LI087,9/27/2025 10:44am,Keegan Dolan,rec0ioZWRXM208MOR
MED009(ii)-SINGLE,Dapagliflozin: SGLT2 Inhibitor,Metabolic optimization and cardioprotection,"Take 5-10mg of Dapagliflozin in the morning daily for metabolic health, cardiovascular benefits, and weight management",,,009,(ii),SINGLE,MED,Dapagliflozin,Metabolic optimization and cardioprotection,"Take 5-10mg of Dapagliflozin in the morning daily for metabolic health, cardiovascular benefits, and weight management",MED,SGLT2 Inhibitor,<>,5.0,10.0,milligram,mg,5-10 mg,1.0,Morning,,21.0,150.0,male_female,,,,,,,,,,,,,,,,,,,,,,,,,,,,,,,,9/27/2025 10:44am,Keegan Dolan,rec75ksnDkWIKyFEJ
MED010(i)-SINGLE,Lisinopril: ACE Inhibitor,Cardiovascular protection and longevity,"Take 5-20mg of Lisinopril at any time daily for cardiovascular protection, blood pressure optimization, and longevity benefits",,,010,(i),SINGLE,MED,Lisinopril,Cardiovascular protection and longevity,"Take 5-20mg of Lisinopril at any time daily for cardiovascular protection, blood pressure optimization, and longevity benefits",MED,ACE Inhibitor,<>,5.0,20.0,milligram,mg,5-20 mg,1.0,Any,,21.0,150.0,male_female,,,,,,,,,,,,,,,,,,,,,,,,,,,,,,,,9/27/2025 10:44am,Keegan Dolan,reckK5qGXQ8sWapSG
MED010(ii)-SINGLE,Losartan: ARB,Cardiovascular protection and longevity,"Take 25-100mg of Losartan at any time daily for cardiovascular health, kidney protection, and anti-aging benefits",,,010,(ii),SINGLE,MED,Losartan,Cardiovascular protection and longevity,"Take 25-100mg of Losartan at any time daily for cardiovascular health, kidney protection, and anti-aging benefits",MED,ARB,<>,25.0,100.0,milligram,mg,25-100 mg,1.0,Any,,21.0,150.0,male_female,,,,,,,,,,,,,,,,,,,,,,,,,,,,,,,,9/27/2025 10:44am,Keegan Dolan,recyHLz8Ff02WdHwe
MED011(i)-SINGLE,Metoprolol: Beta Blocker,Cardiovascular protection,"Take 50-200mg of Metoprolol in divided doses daily for heart health, blood pressure control, and cardiovascular longevity",,,011,(i),SINGLE,MED,Metoprolol,Cardiovascular protection,"Take 50-200mg of Metoprolol in divided doses daily for heart health, blood pressure control, and cardiovascular longevity",MED,Beta Blocker,<>,50.0,200.0,milligram,mg,50-200 mg,1.0,Divided,,21.0,150.0,male_female,,,,,,,,,,,,,,,,,,,,,,,,,,,,,,,,9/27/2025 10:44am,Keegan Dolan,recWrUlNA70SboKGJ
MED011(ii)-SINGLE,Bisoprolol: Beta Blocker,Cardiovascular protection,Take 2.5-10mg of Bisoprolol in the morning daily for cardiovascular protection and stress response optimization,,,011,(ii),SINGLE,MED,Bisoprolol,Cardiovascular protection,Take 2.5-10mg of Bisoprolol in the morning daily for cardiovascular protection and stress response optimization,MED,Beta Blocker,<>,2.5,10.0,milligram,mg,2.5-10 mg,1.0,Morning,,21.0,150.0,male_female,,,,,,,,,,,,,,,,,,,,,,,,,,,,,,,,9/27/2025 10:45am,Keegan Dolan,recHQSz6isXnQ8wcG
MED012(i)-SINGLE,Amlodipine: Calcium Channel Blocker,Cardiovascular protection,Take 2.5-10mg of Amlodipine at any time daily for blood pressure optimization and cardiovascular protection,,,012,(i),SINGLE,MED,Amlodipine,Cardiovascular protection,Take 2.5-10mg of Amlodipine at any time daily for blood pressure optimization and cardiovascular protection,MED,Calcium Channel Blocker,<>,2.5,10.0,milligram,mg,2.5-10 mg,1.0,Any,,21.0,150.0,male_female,,,,,,,,,,,,,,,,,,,,,,,,,,,,,,,,9/27/2025 10:45am,Keegan Dolan,recuY3ZLCNC82mb0W
MED012(ii)-SINGLE,Diltiazem: Calcium Channel Blocker,Cardiovascular protection,Take 120-360mg of Diltiazem at any time daily for cardiovascular health and blood pressure management,,,012,(ii),SINGLE,MED,Diltiazem,Cardiovascular protection,Take 120-360mg of Diltiazem at any time daily for cardiovascular health and blood pressure management,MED,Calcium Channel Blocker,<>,120.0,360.0,milligram,mg,120-360 mg,1.0,Any,,21.0,150.0,male_female,,,,,,,,,,,,,,,,,,,,,,,,,,,,,,,,9/27/2025 10:45am,Keegan Dolan,recrzH1PnmgHtsBeB
MED013(i)-SINGLE,Hydrochlorothiazide: Thiazide Diuretic,Cardiovascular protection,Take 12.5-25mg of Hydrochlorothiazide in the morning daily for blood pressure control and cardiovascular protection,,,013,(i),SINGLE,MED,Hydrochlorothiazide,Cardiovascular protection,Take 12.5-25mg of Hydrochlorothiazide in the morning daily for blood pressure control and cardiovascular protection,MED,Thiazide Diuretic,<>,12.5,25.0,milligram,mg,12.5-25 mg,1.0,Morning,,21.0,150.0,male_female,,,,,,,,,,,,,,,,,,,,,,,,,,,,,,,,9/27/2025 10:45am,Keegan Dolan,recSbkWRXu3F84k38
MED013(ii)-SINGLE,Chlorthalidone: Thiazide Diuretic,Cardiovascular protection,Take 12.5-25mg of Chlorthalidone in the morning daily for long-term cardiovascular protection and blood pressure optimization,,,013,(ii),SINGLE,MED,Chlorthalidone,Cardiovascular protection,Take 12.5-25mg of Chlorthalidone in the morning daily for long-term cardiovascular protection and blood pressure optimization,MED,Thiazide Diuretic,<>,12.5,25.0,milligram,mg,12.5-25 mg,1.0,Morning,,21.0,150.0,male_female,,,,,,,,,,,,,,,,,,,,,,,,,,,,,,,,9/27/2025 10:45am,Keegan Dolan,rec8JqsWgGBSQVszd
MED014-SINGLE,Spironolactone: Mineralocorticoid Antagonist,Cardiovascular and longevity benefits,"Take 25-50mg of Spironolactone with meals daily for cardiovascular benefits, aldosterone antagonism, and potential longevity effects",,,014,,SINGLE,MED,Spironolactone,Cardiovascular and longevity benefits,"Take 25-50mg of Spironolactone with meals daily for cardiovascular benefits, aldosterone antagonism, and potential longevity effects",MED,Mineralocorticoid Antagonist,<>,25.0,50.0,milligram,mg,25-50 mg,1.0,With meals,,21.0,150.0,male_female,,,,,,,,,,,,,,,,,,,,,,,,,,,,,,,,9/27/2025 10:45am,Keegan Dolan,rec2rDRNjPBMICVx9
MED015(i)-SINGLE,Alendronate: Bisphosphonate,Bone health optimization,Take 35-70mg of Alendronate on empty stomach weekly for bone health optimization and fracture prevention,,,015,(i),SINGLE,MED,Alendronate,Bone health optimization,Take 35-70mg of Alendronate on empty stomach weekly for bone health optimization and fracture prevention,MED,Bisphosphonate,<>,35.0,70.0,milligram,mg,35-70 mg,7.0,Empty stomach,,21.0,150.0,male_female,,,,,,,,,,,,,,,,,,,,,,,,,,,,,,,,9/27/2025 10:50am,Keegan Dolan,recKgi8mkh6IJqt2k
MED015(ii)-SINGLE,Risedronate: Bisphosphonate,Bone health optimization,Take 35mg of Risedronate on empty stomach weekly for bone density maintenance and skeletal health,,,015,(ii),SINGLE,MED,Risedronate,Bone health optimization,Take 35mg of Risedronate on empty stomach weekly for bone density maintenance and skeletal health,MED,Bisphosphonate,<>,35.0,35.0,milligram,mg,35-35 mg,7.0,Empty stomach,,21.0,150.0,male_female,,,,,,,,,,,,,,,,,,,,,,,,,,,,,,,,9/27/2025 10:50am,Keegan Dolan,recrfSRfN2RnpyWYZ
MED016-SINGLE,Denosumab: RANKL Inhibitor,Bone health optimization,Take 60mg of Denosumab at any time every 6 months for bone health optimization and osteoporosis prevention,,,016,,SINGLE,MED,Denosumab,Bone health optimization,Take 60mg of Denosumab at any time every 6 months for bone health optimization and osteoporosis prevention,MED,RANKL Inhibitor,=,60.0,,milligram,mg,60 mg,180.0,Any,,21.0,150.0,male_female,,,,,,,,,,,,,,,,,,,,,,,,,,,,,,,,9/27/2025 10:45am,Keegan Dolan,recAMl4mYkyezyuwU
MED017-SINGLE,Raloxifene: SERM,Bone and cardiovascular protection,"Take 60mg of Raloxifene at any time daily for bone health, cardiovascular protection, and selective estrogen benefits",,,017,,SINGLE,MED,Raloxifene,Bone and cardiovascular protection,"Take 60mg of Raloxifene at any time daily for bone health, cardiovascular protection, and selective estrogen benefits",MED,SERM,=,60.0,,milligram,mg,60 mg,1.0,Any,,21.0,150.0,male_female,,,,,,,,,,,,,,,,,,,,,,,,,,,,,,,,9/27/2025 10:45am,Keegan Dolan,recZzvhZCbV6nurbL
MED018(i)-SINGLE,Teriparatide: PTH Analog,Bone anabolic therapy,Take 20mcg of Teriparatide at any time daily for bone anabolic therapy and skeletal health optimization,,,018,(i),SINGLE,MED,Teriparatide,Bone anabolic therapy,Take 20mcg of Teriparatide at any time daily for bone anabolic therapy and skeletal health optimization,MED,PTH Analog,=,20.0,,microgram,µg,20 µg,1.0,Any,,21.0,150.0,male_female,,,,,,,,,,,,,,,,,,,,,,,,,,,,,,,,9/27/2025 10:50am,Keegan Dolan,recrhVged8JpbAjv7
MED018(ii)-SINGLE,Abaloparatide: PTH Analog,Bone anabolic therapy,Take 80mcg of Abaloparatide at any time daily for bone building and osteoporosis treatment,,,018,(ii),SINGLE,MED,Abaloparatide,Bone anabolic therapy,Take 80mcg of Abaloparatide at any time daily for bone building and osteoporosis treatment,MED,PTH Analog,=,80.0,,microgram,µg,80 µg,1.0,Any,,21.0,150.0,male_female,,,,,,,,,,,,,,,,,,,,,,,,,,,,,,,,9/27/2025 10:50am,Keegan Dolan,reclQ38iUHyKWb3Mo
MED019-SINGLE,Levothyroxine: Thyroid Hormone,Thyroid optimization,Take 50-200mcg of Levothyroxine on empty stomach daily for thyroid optimization and metabolic health,,,019,,SINGLE,MED,Levothyroxine,Thyroid optimization,Take 50-200mcg of Levothyroxine on empty stomach daily for thyroid optimization and metabolic health,MED,Thyroid Hormone,<>,50.0,200.0,microgram,µg,50-200 µg,1.0,Empty stomach,,21.0,150.0,male_female,,,,,,,,,,,,,,,,,,,,,,,,,,,,,,,,9/27/2025 10:46am,Keegan Dolan,recBNLz4hMaayJzT2
MED020-SINGLE,Testosterone Therapy: Hormone Replacement,Androgen optimization for longevity,"Take 100-200mg of Testosterone at any time weekly for hormonal optimization, muscle preservation, and vitality enhancement",,,020,,SINGLE,MED,Testosterone Therapy,Androgen optimization for longevity,"Take 100-200mg of Testosterone at any time weekly for hormonal optimization, muscle preservation, and vitality enhancement",MED,Hormone Replacement,<>,100.0,200.0,milligram,mg,100-200 mg,7.0,Any,,21.0,150.0,male,,,,,,,,,,,,,,,,,,,,,,,,,,,,,,,,9/27/2025 10:46am,Keegan Dolan,recBwRAydUZYxlW4q
MED021-SINGLE,Estrogen Therapy: Hormone Replacement,Estrogen optimization for longevity,"Take 0.5-1mg of Estrogen at any time daily for hormonal balance, bone health, and cardiovascular protection",,,021,,SINGLE,MED,Estrogen Therapy,Estrogen optimization for longevity,"Take 0.5-1mg of Estrogen at any time daily for hormonal balance, bone health, and cardiovascular protection",MED,Hormone Replacement,<>,0.5,1.0,milligram,mg,0.5-1 mg,1.0,Any,,21.0,150.0,female,,,,,,,,,,,,,,,,,,,,,,,,,,,,,,,,9/27/2025 10:46am,Keegan Dolan,rec1yXTGzs2BU436z
MED022-SINGLE,Progesterone Therapy: Hormone Replacement,Progesterone optimization,Take 100-400mg of Progesterone before bed daily for hormonal optimization and sleep quality,,,022,,SINGLE,MED,Progesterone Therapy,Progesterone optimization,Take 100-400mg of Progesterone before bed daily for hormonal optimization and sleep quality,MED,Hormone Replacement,<>,100.0,400.0,milligram,mg,100-400 mg,1.0,Before bed,,21.0,150.0,female,,,,,,,,,,,,,,,,,,,,,,,,,,,,,,,,9/27/2025 10:46am,Keegan Dolan,recoZJGFMJnCcqUtc
MED023-SINGLE,DHEA: Hormone Supplement,Adrenal hormone optimization,Take 25-50mg of DHEA in the morning daily for adrenal hormone optimization and anti-aging benefits,,,023,,SINGLE,MED,DHEA,Adrenal hormone optimization,Take 25-50mg of DHEA in the morning daily for adrenal hormone optimization and anti-aging benefits,MED,Hormone Supplement,<>,25.0,50.0,milligram,mg,25-50 mg,1.0,Morning,,21.0,150.0,male_female,,,,,,,,,,,,,,,,,,,,,,,,,,,,,,,,9/27/2025 10:46am,Keegan Dolan,recxILdEqrKG4yrMI
MED024(i)-SINGLE,Metoprolol: Beta Blocker,Cardiovascular protection,"Take 50-200mg of Metoprolol in divided doses daily for heart health, blood pressure control, and cardiovascular longevity",,,024,(i),SINGLE,MED,Metoprolol,Cardiovascular protection,"Take 50-200mg of Metoprolol in divided doses daily for heart health, blood pressure control, and cardiovascular longevity",MED,Beta Blocker,<>,50.0,200.0,milligram,mg,50-200 mg,1.0,Divided,,21.0,150.0,male_female,,,,,,,,,,,,,,,,,,,,,,,,,,,,,,,,9/27/2025 10:46am,Keegan Dolan,rec4y4MOFGWGwcctM
MED024(ii)-SINGLE,Atenolol: Beta Blocker,Cardiovascular protection,Take 25-100mg of Atenolol at any time daily for cardiovascular protection and blood pressure control,,,024,(ii),SINGLE,MED,Atenolol,Cardiovascular protection,Take 25-100mg of Atenolol at any time daily for cardiovascular protection and blood pressure control,MED,Beta Blocker,<>,25.0,100.0,milligram,mg,25-100 mg,1.0,Any,,21.0,150.0,male_female,,,,,,,,,,,,,,,,,,,,,,,,,,,,,,,,9/27/2025 10:47am,Keegan Dolan,rec9StOkrLneMg8rg
MED024(iii)-SINGLE,Carvedilol: Beta Blocker,Cardiovascular protection,Take 6.25-25mg of Carvedilol with meals daily for comprehensive cardiovascular protection and antioxidant benefits,,,024,(iii),SINGLE,MED,Carvedilol,Cardiovascular protection,Take 6.25-25mg of Carvedilol with meals daily for comprehensive cardiovascular protection and antioxidant benefits,MED,Beta Blocker,<>,6.3,25.0,milligram,mg,6.25-25 mg,1.0,With meals,,21.0,150.0,male_female,,,,,,,,,,,,,,,,,,,,,,,,,,,,,,,,9/27/2025 10:47am,Keegan Dolan,rec99ECyaGY8DPSp4
MED024(iv)-SINGLE,Propranolol: Beta Blocker,Cardiovascular protection,Take 40-160mg of Propranolol at any time daily for cardiovascular health and stress response modulation,,,024,(iv),SINGLE,MED,Propranolol,Cardiovascular protection,Take 40-160mg of Propranolol at any time daily for cardiovascular health and stress response modulation,MED,Beta Blocker,<>,40.0,160.0,milligram,mg,40-160 mg,1.0,Any,,21.0,150.0,male_female,,,,,,,,,,,,,,,,,,,,,,,,,,,,,,,,9/27/2025 10:47am,Keegan Dolan,recD43W0QrI9D0zCB
MED024(v)-SINGLE,Bisoprolol: Beta Blocker,Cardiovascular protection,Take 2.5-10mg of Bisoprolol in the morning daily for cardiovascular protection and stress response optimization,,,024,(v),SINGLE,MED,Bisoprolol,Cardiovascular protection,Take 2.5-10mg of Bisoprolol in the morning daily for cardiovascular protection and stress response optimization,MED,Beta Blocker,<>,2.5,10.0,milligram,mg,2.5-10 mg,1.0,Morning,,21.0,150.0,male_female,,,,,,,,,,,,,,,,,,,,,,,,,,,,,,,,9/27/2025 10:47am,Keegan Dolan,recqC94gkDbDan3Ft
MED025-SINGLE,Sertraline: SSRI,Mental health optimization,Take 25-100mg of Sertraline in the morning daily for mental health optimization and stress resilience,,,025,,SINGLE,MED,Sertraline,Mental health optimization,Take 25-100mg of Sertraline in the morning daily for mental health optimization and stress resilience,MED,SSRI,<>,25.0,100.0,milligram,mg,25-100 mg,1.0,Morning,,21.0,150.0,male_female,,,,,,,,,,,,,,,,,,,,,,,,,,,,,,,,9/27/2025 10:50am,Keegan Dolan,rec9lWRCb0IXPjkQj
MED026-SINGLE,Escitalopram: SSRI,Mental health optimization,Take 10-20mg of Escitalopram in the morning daily for mood optimization and cognitive health,,,026,,SINGLE,MED,Escitalopram,Mental health optimization,Take 10-20mg of Escitalopram in the morning daily for mood optimization and cognitive health,MED,SSRI,<>,10.0,20.0,milligram,mg,10-20 mg,1.0,Morning,,21.0,150.0,male_female,,,,,,,,,,,,,,,,,,,,,,,,,,,,,,,,9/27/2025 10:50am,Keegan Dolan,recNJyhIxhMGbjCbs
MED027-SINGLE,Fluoxetine: SSRI,Mental health optimization,Take 20-40mg of Fluoxetine in the morning daily for mental health support and emotional well-being,,,027,,SINGLE,MED,Fluoxetine,Mental health optimization,Take 20-40mg of Fluoxetine in the morning daily for mental health support and emotional well-being,MED,SSRI,<>,20.0,40.0,milligram,mg,20-40 mg,1.0,Morning,,21.0,150.0,male_female,,,,,,,,,,,,,,,,,,,,,,,,,,,,,,,,9/27/2025 10:51am,Keegan Dolan,recnzLYs0sS50O0V5
MED028-SINGLE,Duloxetine: SNRI,Mental health optimization,Take 30-60mg of Duloxetine in the morning daily for mood optimization and pain management,,,028,,SINGLE,MED,Duloxetine,Mental health optimization,Take 30-60mg of Duloxetine in the morning daily for mood optimization and pain management,MED,SNRI,<>,30.0,60.0,milligram,mg,30-60 mg,1.0,Morning,,21.0,150.0,male_female,,,,,,,,,,,,,,,,,,,,,,,,,,,,,,,,9/27/2025 10:51am,Keegan Dolan,recaJAywothgXPA2O
MED029-SINGLE,Venlafaxine: SNRI,Mental health optimization,Take 75-225mg of Venlafaxine in the morning daily for comprehensive mood support and stress management,,,029,,SINGLE,MED,Venlafaxine,Mental health optimization,Take 75-225mg of Venlafaxine in the morning daily for comprehensive mood support and stress management,MED,SNRI,<>,75.0,225.0,milligram,mg,75-225 mg,1.0,Morning,,21.0,150.0,male_female,,,,,,,,,,,,,,,,,,,,,,,,,,,,,,,,9/27/2025 10:51am,Keegan Dolan,recZlbcMLESqexmD9
MED030-SINGLE,Bupropion: NDRI,Mental health and metabolic optimization,"Take 150-300mg of Bupropion in the morning daily for mood enhancement, metabolic benefits, and cognitive support",,,030,,SINGLE,MED,Bupropion,Mental health and metabolic optimization,"Take 150-300mg of Bupropion in the morning daily for mood enhancement, metabolic benefits, and cognitive support",MED,NDRI,<>,150.0,300.0,milligram,mg,150-300 mg,1.0,Morning,,21.0,150.0,male_female,,,,,,,,,,,,,,,,,,,,,,,,,,,,,,,,9/27/2025 10:51am,Keegan Dolan,reckxcBd1K5mPjQc5
MED031-SINGLE,Mirtazapine: Atypical Antidepressant,Mental health optimization,Take 15-30mg of Mirtazapine before bed daily for mood optimization and sleep enhancement,,,031,,SINGLE,MED,Mirtazapine,Mental health optimization,Take 15-30mg of Mirtazapine before bed daily for mood optimization and sleep enhancement,MED,Atypical Antidepressant,<>,15.0,30.0,milligram,mg,15-30 mg,1.0,Before bed,,21.0,150.0,male_female,,,,,,,,,,,,,,,,,,,,,,,,,,,,,,,,9/27/2025 10:51am,Keegan Dolan,recTadsFW3WL7n66A
MED032-SINGLE,Naltrexone: Opioid Antagonist,Neuroinflammation and longevity (low-dose),Take 1.5-4.5mg of Low-Dose Naltrexone before bed daily for neuroinflammation reduction and immune modulation,,,032,,SINGLE,MED,Naltrexone,Neuroinflammation and longevity (low-dose),Take 1.5-4.5mg of Low-Dose Naltrexone before bed daily for neuroinflammation reduction and immune modulation,MED,Opioid Antagonist,<>,1.5,4.5,milligram,mg,1.5-4.5 mg,1.0,Before bed,,21.0,150.0,male_female,,,,,,,,,,,,,,,,,,,,,,,,,,,,,,,,9/27/2025 10:51am,Keegan Dolan,recqYFg7fFphfiRZt
MED033-SINGLE,Rapamycin: mTOR Inhibitor,Longevity and cellular optimization,"Take 2-8mg of Rapamycin in the morning weekly for longevity pathway activation, autophagy enhancement, and cellular optimization",,,033,,SINGLE,MED,Rapamycin,Longevity and cellular optimization,"Take 2-8mg of Rapamycin in the morning weekly for longevity pathway activation, autophagy enhancement, and cellular optimization",MED,mTOR Inhibitor,<>,2.0,8.0,milligram,mg,2-8 mg,7.0,Morning,,21.0,150.0,male_female,,,,,,,,,,,,,,,,,,,,,,,,,,,,,,,,9/27/2025 10:51am,Keegan Dolan,recuX7UaUL73BvmJr
MED034-SINGLE,Acarbose: Alpha-Glucosidase Inhibitor,Metabolic optimization and longevity,"Take 50-200mg of Acarbose with meals daily for glucose optimization, longevity benefits, and metabolic health",,,034,,SINGLE,MED,Acarbose,Metabolic optimization and longevity,"Take 50-200mg of Acarbose with meals daily for glucose optimization, longevity benefits, and metabolic health",MED,Alpha-Glucosidase Inhibitor,<>,50.0,200.0,milligram,mg,50-200 mg,1.0,With meals,,21.0,150.0,male_female,,,,,,,,,,,,,,,,,,,,,,,,,,,,,,,,9/27/2025 10:51am,Keegan Dolan,recK0weT9KzwCxdUw
MULTI001-STACK,Empagliflozin + Semaglutide + Metformin Stack,"Comprehensive metabolic optimization combining three complementary mechanisms - Metformin activates AMPK and longevity pathways, SGLT2 inhibitors provide glucose elimination and cardioprotection, while GLP-1 agonists offer appetite regulation and neuroprotection. Together they optimize metabolism, body composition, and longevity.","Take 500-2,000mg of Metformin (with meals daily), 10-25mg of Empagliflozin (morning daily), and 1-2.4mg of Semaglutide (any time weekly) for comprehensive metabolic optimization, weight management, cardiovascular protection, neuroprotection, and longevity pathway activation","Comprehensive metabolic optimization combining three complementary mechanisms - Metformin activates AMPK and longevity pathways, SGLT2 inhibitors provide glucose elimination and cardioprotection, while GLP-1 agonists offer appetite regulation and neuroprotection. Together they optimize metabolism, body composition, and longevity.","Take 500-2,000mg of Metformin (with meals daily), 10-25mg of Empagliflozin (morning daily), and 1-2.4mg of Semaglutide (any time weekly) for comprehensive metabolic optimization, weight management, cardiovascular protection, neuroprotection, and longevity pathway activation",001,,STACK,MULTI,Empagliflozin,Metabolic optimization and cardioprotection,"Take 10-25mg of Empagliflozin in the morning daily for metabolic optimization, cardiovascular protection, and potential longevity benefits",MED,SGLT2 Inhibitor,<>,10.0,25.0,milligram,mg,10-25 mg,1.0,Morning,,21.0,150.0,male_female,Semaglutide,PEP,GLP-1 Agonist,<>,1.0,2.4,milligram,mg,1-2.4 mg,7.0,Any,,21.0,150.0,male_female,Metformin,MED,Biguanide,<>,500.0,2000.0,milligram,mg,500-2000 mg,1.0,With meals,,21.0,150.0,male_female,,9/27/2025 10:59am,Keegan Dolan,recFjODxHfNMbp7NI